Company Name,Company Page URL,Engagement Level,Organic Impressions,Organic Engagements,Paid Impressions,Paid Clicks,Paid Engagements,Paid Conversions,Paid Leads,Paid Qualified Leads  
"Shurtape Technologies, LLC",https://www.linkedin.com/company/shurtape-technologies-llc,High,,,170,15,34,,1,  
"Fitch Irick Corporation",https://www.linkedin.com/company/fitch-irick-corporation,High,,,156,17,38,,,  
"PROCEPT BioRobotics",https://www.linkedin.com/company/procept-corporation,High,,,147,16,25,,,  
"Bitsight",https://www.linkedin.com/company/bitsight,High,,,143,11,23,,,  
"Evolve",https://www.linkedin.com/company/evolve-vacation-rental,High,,,131,14,47,,,  
"Endologix LLC",https://www.linkedin.com/company/endologix,Very Low,,,119,,,,,  
"Pilot Corporation of America",https://www.linkedin.com/company/pilot-pen,Very Low,,,119,,,,,  
"Arizona Financial Credit Union",https://www.linkedin.com/company/azfinancialcu,Medium,,,119,7,9,,,  
"Weaver Brands",https://www.linkedin.com/company/weaverbrands,Low,,,116,,3,,,  
"Denholtz",https://www.linkedin.com/company/denholtz,Low,,,112,,3,,,  
"CORMETECH",https://www.linkedin.com/company/cormetech,Low,,,109,3,3,,,  
"Exploria Resorts",https://www.linkedin.com/company/exploria-resorts,Low,,,105,6,6,,,  
"ArtiFlex Manufacturing, Inc",https://www.linkedin.com/company/artiflex-manufacturing-inc,Low,,,103,,3,,,  
"U.S. Cotton, LLC",https://www.linkedin.com/company/u.s.-cotton-llc,Medium,,,101,8,9,,,  
"Western Extrusions Corporation",https://www.linkedin.com/company/western-extrusions-corp,Very Low,,,99,,,,,  
"LI Group - Installation \< Logistics \> Construction",https://www.linkedin.com/company/li-group-inc-,Low,,,98,3,3,,,  
"Wight & Company",https://www.linkedin.com/company/wightco,Very Low,,,96,,,,,  
"Linxup",https://www.linkedin.com/company/linxup,Low,,,94,4,5,,,  
"NORD Gear Corporation",https://www.linkedin.com/company/nord-gear-corporation,Very Low,,,94,,,,,  
"Urban Edge Properties",https://www.linkedin.com/company/urban-edge-properties,High,,,92,12,18,,,  
"G\&W Equipment, Inc.",https://www.linkedin.com/company/g\&w-equipment-inc,Low,,,91,4,4,,,  
"BioMed Realty",https://www.linkedin.com/company/biomed-realty,High,,,91,6,18,,,  
"WS Development",https://www.linkedin.com/company/ws-development,High,10,10,89,5,22,,,  
"Drexel Building Supply",https://www.linkedin.com/company/campbellsport-building-supply-drexel-incorporated,Medium,,,88,,11,,,  
"Medtronic",https://www.linkedin.com/company/medtronic,Low,3,3,85,,,,,  
"Myomo, Inc.",https://www.linkedin.com/company/myomo-inc.,High,,,82,11,13,,,  
"ResProp Management",https://www.linkedin.com/company/resprop-management,Medium,,,81,7,7,,,  
"Flaherty & Collins Properties",https://www.linkedin.com/company/flaherty-&-collins-properties,Low,,,81,5,5,,,  
"Southworth Clubs",https://www.linkedin.com/company/southworthclubs,Very High,,,80,10,36,,,  
"Dynamic Dies, Inc.",https://www.linkedin.com/company/dynamic-dies-inc-,Medium,,,80,6,10,,,  
"Wilson Warehouse | Sabine Transportation",https://www.linkedin.com/company/wilsonwarehouse-and-sabinetransportation,Low,,,79,3,3,,,  
"Cozzini Bros.",https://www.linkedin.com/company/cozzini-bros-inc.,Low,,,78,5,5,,,  
"Ascension",https://www.linkedin.com/company/ascensionorg,Very Low,,,78,,,,,  
"American Outdoor Brands Inc.",https://www.linkedin.com/company/american-outdoor-brands-inc,High,,,76,6,24,,,  
"Accelevation LLC",https://www.linkedin.com/company/accelevation-llc,Low,,,76,3,4,,,  
"Lifestyle Communities",https://www.linkedin.com/company/lifestyle-communities,High,,,76,8,16,,,  
"Health Care LogisticsⓇ",https://www.linkedin.com/company/health-care-logistics,Medium,,,72,6,7,,,  
"Northwood Ravin",https://www.linkedin.com/company/northwood-ravin,Medium,,,71,9,9,,,  
"SMC Ltd",https://www.linkedin.com/company/smc-ltd,Medium,,,71,5,5,,,  
"PaceMate®",https://www.linkedin.com/company/pacemate,Medium,,,70,8,8,,,  
"Schimenti Construction Company",https://www.linkedin.com/company/schimenti-construction-company,Medium,,,70,6,10,,,  
"Kilroy Realty Corporation",https://www.linkedin.com/company/kilroy-realty-corporation,Medium,,,70,7,7,,,  
"eXp Realty",https://www.linkedin.com/company/exp-realty,Medium,14,9,69,,,,,  
"JLL",https://www.linkedin.com/company/jll,Low,3,3,67,,,,,  
"MeriCal®",https://www.linkedin.com/company/meri-cal,Very Low,,,66,,,,,  
"Crenlo Engineered Cabs",https://www.linkedin.com/company/crenlo-llc,High,,,66,4,14,,,  
"Sculptor Capital Management",https://www.linkedin.com/company/sculptor-capital-management,Very Low,,,65,,,,,  
"Beacon Real Estate Group",https://www.linkedin.com/company/lighthouse-property-fund,Low,,,64,3,3,,,  
"Dalfen Industrial",https://www.linkedin.com/company/dalfen-industrial,Low,,,64,3,3,,,  
"Roundhouse",https://www.linkedin.com/company/roundhousegroup,Very Low,,,62,,,,,  
"Model 1 Commercial Vehicles",https://www.linkedin.com/company/model1commercialvehicles,Very Low,,,62,,,,,  
"Mack Real Estate Group",https://www.linkedin.com/company/mack-real-estate-group,Low,,,61,3,3,,,  
"Mosyle",https://www.linkedin.com/company/mosyle,Very Low,,,61,,,,,  
"Europa Eyewear",https://www.linkedin.com/company/europaeye,Medium,,,61,,6,,,  
"Sellars",https://www.linkedin.com/company/sellars-wipers,Low,,,61,3,3,,,  
"Consilium",https://www.linkedin.com/company/consiliumstaffing,Medium,,,59,5,5,,,  
"Mother Murphy's Flavors",https://www.linkedin.com/company/mother-murphys-labs,Very High,,,59,5,25,,,  
"Orbis Education",https://www.linkedin.com/company/orbis-education,High,,,59,,15,,,  
"The Community Builders, Inc.",https://www.linkedin.com/company/the-community-builders-inc-,High,,,59,5,9,,,  
"thyssenkrupp Presta Dynamic Components Danville",https://www.linkedin.com/company/dynamic-components,Low,,,58,,3,,,  
"Würth MRO, Safety, & Metalworking",https://www.linkedin.com/company/wurthnsi,Medium,,,58,5,5,,,  
"Trademark Property Company",https://www.linkedin.com/company/trademark-property,High,,,57,7,17,4,,  
"VieMed Healthcare",https://www.linkedin.com/company/viemed-healthcare,Very High,,,55,9,24,,,  
"Spencer Savings Bank",https://www.linkedin.com/company/spencersavingsbank,Low,,,54,3,3,,,  
"Pleasant Valley Corporation",https://www.linkedin.com/company/pleasant-valley-construction,Low,,,54,,3,,,  
"Sinatra & Co.",https://www.linkedin.com/company/sinatra-and-company,Very Low,,,54,,,,,  
"ICON",https://www.linkedin.com/company/icon3dtech,Very Low,,,53,,,,,  
"Weber Logistics",https://www.linkedin.com/company/weber-logistics,Low,,,53,,3,,,  
"KCC Companies",https://www.linkedin.com/company/kcc-international,High,,,52,4,17,,,  
"Property Reserve",https://www.linkedin.com/company/propertyreserve,Very Low,,,51,,,,,  
"Ecoservices",https://www.linkedin.com/company/eco-services-operations-llc,High,,,51,6,8,,,  
"Vision Government Solutions, Inc.",https://www.linkedin.com/company/vision-government-solutions-inc-,Very Low,,,51,,,,,  
"The Berg Group",https://www.linkedin.com/company/theberggroup,Very Low,,,51,,,,,  
"Kari-Out",https://www.linkedin.com/company/kari-out-co.,Medium,,,51,4,4,,,  
"Quartus Engineering",https://www.linkedin.com/company/quartus-engineering,Very Low,,,51,,,,,  
"Reef",https://www.linkedin.com/company/reef\_2,High,,,50,3,14,,,  
"Corning Incorporated",https://www.linkedin.com/company/corning-incorporated,Very Low,,,50,,,,,  
"Stewart Richey Contracting Group",https://www.linkedin.com/company/stewart-richey-construction-inc-,High,,,49,,11,,,  
"VSM Abrasives USA",https://www.linkedin.com/company/vsmusa,Very Low,,,48,,,,,  
"TMG Property Management Services NW",https://www.linkedin.com/company/tmgnorthwest,Very High,,,48,6,26,,,  
"Milhouse",https://www.linkedin.com/company/milhouse-engineering-and-construction-inc,Medium,,,48,,5,,,  
"SponsorUnited",https://www.linkedin.com/company/sponsorunited,High,,,47,7,12,,,  
"System Pavers",https://www.linkedin.com/company/system-pavers,High,,,47,,10,,,  
"ListEngage",https://www.linkedin.com/company/listengage,Very Low,,,47,,,,,  
"CEI Materials",https://www.linkedin.com/company/cei-composite-materials,Medium,,,46,6,6,,,  
"ITW Medical",https://www.linkedin.com/company/itw-medical,High,,,46,6,11,,,  
"General Shale",https://www.linkedin.com/company/general-shale,Very Low,,,46,,,,,  
"Hercules Sealing Products",https://www.linkedin.com/company/hercules-sealing-products,Very Low,,,45,,,,,  
"Centrisys/CNP",https://www.linkedin.com/company/centrisys-cnp,Medium,,,44,5,6,,,  
"Embree Group",https://www.linkedin.com/company/embree-group,Very Low,,,44,,,,,  
"Huyett",https://www.linkedin.com/company/g.l.-huyett,Very Low,,,43,,,,,  
"Xaloy LLC",https://www.linkedin.com/company/xaloy,Very Low,,,42,,,,,  
"dancker",https://www.linkedin.com/company/dancker,Medium,,,42,5,5,,,  
"RH-Relias Healthcare",https://www.linkedin.com/company/relias-healthcare,Medium,,,40,,3,,,  
"Galloway & Company, LLC",https://www.linkedin.com/company/gallowayus,Very Low,,,40,,,,,  
"Alterra Property Group",https://www.linkedin.com/company/alterraproperty,Medium,,,40,3,5,,,  
"Stark Enterprises",https://www.linkedin.com/company/starkcle,Very Low,,,40,,,,,  
"ADM",https://www.linkedin.com/company/adm,Very Low,,,40,,,,,  
"DG Foods LLC",https://www.linkedin.com/company/dgfoods,Very Low,,,39,,,,,  
"Relocity, Inc.",https://www.linkedin.com/company/relocity,Medium,,,38,,5,,,  
"AION Management",https://www.linkedin.com/company/aion-management,High,,,38,4,7,,,  
"Radians",https://www.linkedin.com/company/radians-inc,Medium,,,38,,3,,,  
"WRMC, Inc.",https://www.linkedin.com/company/wrmcinc,Very Low,,,38,,,,,  
"Morton Industries",https://www.linkedin.com/company/morton-industries-llc,Medium,,,37,4,4,,,  
"West Coast Medical Resources, LLC",https://www.linkedin.com/company/west-coast-medical-resources-llc,Very Low,,,37,,,,,  
"Two Dudes Painting Company",https://www.linkedin.com/company/two-dudes-painting-company,Medium,,,37,3,3,,,  
"CP Group",https://www.linkedin.com/company/cp-group-cre,Medium,,,37,,4,,,  
"Gold Bond, Inc",https://www.linkedin.com/company/goldbondinc,Medium,,,36,3,3,,,  
"Tedia",https://www.linkedin.com/company/tedia-company-inc,Very Low,,,36,,,,,  
"Brinkmann Constructors",https://www.linkedin.com/company/brinkmann-constructors,Very Low,,,36,,,,,  
"Sakata Seed America, Inc.",https://www.linkedin.com/company/sakata-seed-america-inc,Very High,,,36,5,18,,,  
"Ergodyne",https://www.linkedin.com/company/ergodyne,Very Low,,,36,,,,,  
"EnovaPremier, LLC",https://www.linkedin.com/company/enovapremier-llc,Very Low,,,35,,,,,  
"Swissturn/USA, Inc.",https://www.linkedin.com/company/swissturn-usa-inc-,Medium,,,35,,5,,,  
"Blentech Corporation",https://www.linkedin.com/company/blentech-corporation,High,,,35,6,8,,,  
"Land O'Lakes, Inc.",https://www.linkedin.com/company/landolakesinc,Very Low,,,35,,,,,  
"Magnolia Property Company",https://www.linkedin.com/company/magnoliapropertycompany,Very Low,,,34,,,,,  
"Robroy® Industries",https://www.linkedin.com/company/robroy-industries,Very Low,,,34,,,,,  
"Greysteel",https://www.linkedin.com/company/the-greysteel-company,Very Low,,,34,,,,,  
"Jaipur Living",https://www.linkedin.com/company/jaipur-living-inc,Medium,,,34,,4,,,  
"Property Management Inc.",https://www.linkedin.com/company/pmicorp,Medium,,,34,3,3,,,  
"Emmi Roth",https://www.linkedin.com/company/emmiroth,High,,,33,4,5,,,  
"Leppo, Inc.",https://www.linkedin.com/company/leppo-rents,Very Low,,,32,,,,,  
"FlavorSum",https://www.linkedin.com/company/flavorsumllc,Medium,,,32,3,3,,,  
"ITEX",https://www.linkedin.com/company/the-itex-group,Medium,,,32,3,4,,,  
"Elma Electronic",https://www.linkedin.com/company/elma-electronic,Very Low,,,32,,,,,  
"Hamadeh Educational Services",https://www.linkedin.com/company/hamadeh-educational-services,Very Low,,,32,,,,,  
"Craftsmen Industries, Inc.",https://www.linkedin.com/company/craftsmen-industries,Very Low,,,32,,,,,  
"OPKO Health, Inc.",https://www.linkedin.com/company/opko-health-inc.,Very Low,,,31,,,,,  
"Tooling Systems Group, Inc.",https://www.linkedin.com/company/tooling-systems-group-inc.,High,,,31,4,7,,,  
"Qosina",https://www.linkedin.com/company/qosina,Very Low,,,31,,,,,  
"Beltservice Corporation",https://www.linkedin.com/company/beltservice-corporation,Very Low,,,31,,,,,  
"Prototek Digital Manufacturing",https://www.linkedin.com/company/prototekllc,Medium,,,30,,3,,,  
"AgroLiquid",https://www.linkedin.com/company/agroliquid,Very Low,,,30,,,,,  
"Rubbercraft",https://www.linkedin.com/company/rubbercraft,Very Low,,,30,,,,,  
"Hatch Stamping Company",https://www.linkedin.com/company/hatch-stamping-and-assembly,Very Low,,,30,,,,,  
"Darley",https://www.linkedin.com/company/wsdarley,Very Low,,,30,,,,,  
"Rudolph and Sletten",https://www.linkedin.com/company/rudolph-and-sletten,Very Low,,,30,,,,,  
"PCV Murcor",https://www.linkedin.com/company/pcvmurcor,High,,,30,4,5,,,  
"Maury Microwave",https://www.linkedin.com/company/maury-microwave,Very Low,,,30,,,,,  
"Ira Green Inc.",https://www.linkedin.com/company/iragreen,Very Low,,,29,,,,,  
"Standard Communities",https://www.linkedin.com/company/standard-communities,High,,,29,4,6,,,  
"Universal Polymer & Rubber, Ltd.",https://www.linkedin.com/company/universal-polymer-&-rubber-ltd-,Medium,,,29,3,3,,,  
"City of Pearland, Texas",https://www.linkedin.com/company/city-of-pearland-texas,Very High,,,29,3,21,,,  
"Wise Construction",https://www.linkedin.com/company/wise-construction,Medium,,,29,,3,,,  
"Zatkoff Seals & Packings",https://www.linkedin.com/company/zatkoff,Very Low,,,28,,,,,  
"Compass",https://www.linkedin.com/company/compassinc,Very Low,,,28,,,,,  
"Atlantic Constructors, Inc.",https://www.linkedin.com/company/atlantic-constructors,Very Low,,,28,,,,,  
"The Armor Group, Inc.",https://www.linkedin.com/company/armor-metal-group,Very Low,,,28,,,,,  
"Dairy Farmers of America",https://www.linkedin.com/company/dairy-farmers-of-america,Very Low,,,28,,,,,  
"Ashley Furniture Industries",https://www.linkedin.com/company/ashley-furniture-industries,Very Low,,,28,,,,,  
"HOLLYWOOD WOODWORK",https://www.linkedin.com/company/hollywood-woodwork,Medium,,,28,3,3,,,  
"Nordco",https://www.linkedin.com/company/nordco,Very Low,,,28,,,,,  
"Alsco Uniforms",https://www.linkedin.com/company/alscouniforms,Very Low,,,28,,,,,  
"JBS USA",https://www.linkedin.com/company/jbsusa,Very Low,,,27,,,,,  
"Kwik Lok Corporation",https://www.linkedin.com/company/kwiklokcorporation,Very Low,,,27,,,,,  
"4Patriots",https://www.linkedin.com/company/4patriots,Very Low,,,27,,,,,  
"Maldonado Nursery & Landscaping Inc.",https://www.linkedin.com/company/maldonado-nursery,Very Low,,,27,,,,,  
"Boat Outfitters",https://www.linkedin.com/company/boat-outfitters,High,,,27,,5,,,  
"UNITERS",https://www.linkedin.com/company/uniters-north-america,Very Low,,,27,,,,,  
"Perry's Ice Cream",https://www.linkedin.com/company/perry's-ice-cream,Very Low,,,27,,,,,  
"Lungpacer Medical",https://www.linkedin.com/company/lungpacer-medical,Very Low,,,26,,,,,  
"Haydon",https://www.linkedin.com/company/haydon-companies,Very Low,,,26,,,,,  
"Nifco America Corp.",https://www.linkedin.com/company/nifco-america-corp,Very Low,,,26,,,,,  
"Logistics Property Company, LLC",https://www.linkedin.com/company/logistics-property-company-llc,Very Low,,,25,,,,,  
"Aqua Security",https://www.linkedin.com/company/aquasecteam,Medium,,,25,3,3,,,  
"Apple Roofing",https://www.linkedin.com/company/apple-roofing-llc,Very Low,,,25,,,,,  
"The Premier Collection",https://www.linkedin.com/company/thepremiercollection,Very Low,,,25,,,,,  
"REDICO",https://www.linkedin.com/company/redico,Very Low,,,25,,,,,  
"TAM Residential",https://www.linkedin.com/company/tamresidential,Very Low,,,24,,,,,  
"Stotz Equipment",https://www.linkedin.com/company/stotz-equipment,High,,,24,6,6,,,  
"HII Unmanned Systems",https://www.linkedin.com/company/hii-unmanned-systems,Very Low,,,24,,,,,  
"Manufacturers Reserve Supply Inc.",https://www.linkedin.com/company/manufacturers-reserve-supply-inc,Very Low,,,24,,,,,  
"The Pokémon Company International",https://www.linkedin.com/company/pokemon,Very High,,,24,,11,,,  
"Qualitrol",https://www.linkedin.com/company/qualitrol,Very Low,,,24,,,,,  
"Anchor Packaging",https://www.linkedin.com/company/anchor-packaging,Medium,,,24,3,3,,,  
"Summit Agricultural Group",https://www.linkedin.com/company/summit-agricultural-group,High,,,23,5,6,,,  
"JTM Construction",https://www.linkedin.com/company/jtm-construction,High,,,23,4,4,,,  
"Penserra",https://www.linkedin.com/company/penserra-securities-llc,Very Low,,,23,,,,,  
"MPE Inc.",https://www.linkedin.com/company/mpeinc,High,,,23,,4,,,  
"Aetrex, Inc.",https://www.linkedin.com/company/aetrex-worldwide,Very High,,,23,5,18,,,  
"Emerge Living",https://www.linkedin.com/company/emergeliving,Very Low,,,22,,,,,  
"TCI Precision Metals",https://www.linkedin.com/company/tci-precision-metals,Very Low,,,22,,,,,  
"Fortive",https://www.linkedin.com/company/fortive,Very Low,,,21,,,,,  
"Happy Floors",https://www.linkedin.com/company/happy-floors,Very Low,,,21,,,,,  
"Evernest",https://www.linkedin.com/company/evernestpm,Medium,,,21,,3,,,  
"Solutions Pest & Lawn",https://www.linkedin.com/company/control-solutions-inc,Very Low,,,21,,,,,  
"E\&E Manufacturing Co, Inc.",https://www.linkedin.com/company/e\&e-manufacturing,Very Low,,,21,,,,,  
"Meridian Title Corporation",https://www.linkedin.com/company/meridian-title-corporation,Very Low,,,21,,,,,  
"Priority Title",https://www.linkedin.com/company/priority-title-escrow,High,,,20,3,3,,,  
"Vytex Windows",https://www.linkedin.com/company/vytexwindows,Very Low,,,20,,,,,  
"PJ Wallbank Springs, Inc.",https://www.linkedin.com/company/p-j-wallbank-springs-inc-,Very Low,,,20,,,,,  
"Peterman Brothers Heating, Cooling & Plumbing",https://www.linkedin.com/company/petermanbros,Very High,,,20,,10,,,  
"Aerofil Technology Inc.",https://www.linkedin.com/company/aerofil-technology-inc.,High,3,3,20,,,,,  
"Healthy Pet",https://www.linkedin.com/company/healthy-pet-us,Very Low,,,20,,,,,  
"Seiler Instrument & Mfg. Co. Inc.",https://www.linkedin.com/company/seilersolutions,Very Low,,,20,,,,,  
"Twin Cities PBS",https://www.linkedin.com/company/twin-cities-pbs,Very Low,,,20,,,,,  
"Intrax",https://www.linkedin.com/company/intrax,Very Low,,,20,,,,,  
"Safelite",https://www.linkedin.com/company/safelite,Very Low,,,20,,,,,  
"Erie Materials Inc",https://www.linkedin.com/company/eriematerials,High,,,19,3,4,,,  
"J Josephson Inc",https://www.linkedin.com/company/j-josephson-inc,Very Low,,,19,,,,,  
"S\&B USA Construction & Fay",https://www.linkedin.com/company/shikunusa,Very Low,,,19,,,,,  
"Valdese Weavers",https://www.linkedin.com/company/valdese-weavers,Very Low,,,19,,,,,  
"TYR Sport",https://www.linkedin.com/company/tyr-sport,Very High,,,19,3,8,,,  
"Branscome",https://www.linkedin.com/company/branscome-inc,Very Low,,,19,,,,,  
"FS Builder Resources",https://www.linkedin.com/company/flooring-services,Very Low,,,19,,,,,  
"Velir",https://www.linkedin.com/company/velir,Very Low,,,19,,,,,  
"Colgate-Palmolive",https://www.linkedin.com/company/colgate-palmolive,Very Low,,,19,,,,,  
"Play Synergy (now Aruze Gaming), an Empire Technological Group Company",https://www.linkedin.com/company/empire-technological-group-ltd,Very Low,,,18,,,,,  
"Ed Martin Nissan",https://www.linkedin.com/company/edmartinnissan,Very Low,,,18,,,,,  
"Ravensburger North America, Inc.",https://www.linkedin.com/company/ravensburger-north-america-inc,Very Low,,,18,,,,,  
"Mueller Sports Medicine, Inc.",https://www.linkedin.com/company/mueller-sports-medicine,Very Low,,,18,,,,,  
"BioCentury Inc.",https://www.linkedin.com/company/biocentury-publications,Very Low,,,18,,,,,  
"True Velocity",https://www.linkedin.com/company/truevelocityinc,Very Low,,,17,,,,,  
"Advanced Window Systems LLC",https://www.linkedin.com/company/awsllc,High,,,17,3,3,,,  
"Leonard Truck Outfitters",https://www.linkedin.com/company/leonard-buildings-and-truck-accessories,Very Low,,,17,,,,,  
"Frattalone Construction",https://www.linkedin.com/company/frattalone-construction-co,Very Low,,,17,,,,,  
"HopeHealth, Inc.",https://www.linkedin.com/company/hopehealth-inc-,Very Low,,,17,,,,,  
"Vesta Corporation",https://www.linkedin.com/company/vesta-corporation\_2,High,,,17,,3,,,  
"Visionary Homes",https://www.linkedin.com/company/visionary-homes,Very Low,,,17,,,,,  
"SERVPRO",https://www.linkedin.com/company/servpro-industries,Very Low,,,17,,,,,  
"Pep Boys",https://www.linkedin.com/company/pep-boys,Very Low,,,17,,,,,  
"Principle Services, LLC",https://www.linkedin.com/company/principle-services,Very Low,,,16,,,,,  
"Roadway Moving",https://www.linkedin.com/company/roadway-moving,High,,,16,4,5,,,  
"The Integral Group",https://www.linkedin.com/company/integral-group,High,,,16,,3,,,  
"Saratoga Group",https://www.linkedin.com/company/the-saratoga-group,High,,,16,,3,,1,  
"Estes Construction",https://www.linkedin.com/company/estes-construction,Very Low,,,16,,,,,  
"Torque Parts LLC",https://www.linkedin.com/company/torquepartsllc,Very Low,,,16,,,,,  
"Thorp Controls",https://www.linkedin.com/company/thorp-controls,Very Low,,,16,,,,,  
"CAPREIT, Inc.",https://www.linkedin.com/company/capreit-inc-,High,,,16,3,4,,,  
"Affinity Management Services, LLC",https://www.linkedin.com/company/managedbyaffinity,Very Low,,,16,,,,,  
"Epec Engineered Technologies",https://www.linkedin.com/company/epec-engineered-technologies,Very High,,,16,4,6,,,  
"TORQ Distribution",https://www.linkedin.com/company/torq-distribution,Very Low,,,16,,,,,  
"Pentair",https://www.linkedin.com/company/pentair,Very Low,,,16,,,,,  
"Pacific Lifestyle Homes",https://www.linkedin.com/company/pacific-lifestyle-homes,Very Low,,,16,,,,,  
"Suncast Corporation",https://www.linkedin.com/company/suncast-corporation,Very Low,,,16,,,,,  
"Swagelok",https://www.linkedin.com/company/swagelok,Very Low,,,16,,,,,  
"Vest Residential",https://www.linkedin.com/company/vestresidential,Very Low,,,15,,,,,  
"Adient",https://www.linkedin.com/company/adient,Very Low,,,15,,,,,  
"Enervise, LLC",https://www.linkedin.com/company/enervise,Very Low,,,15,,,,,  
"Daniel Defense, LLC",https://www.linkedin.com/company/danieldefense,Very Low,,,15,,,,,  
"Didion",https://www.linkedin.com/company/didion-inc,Very Low,,,15,,,,,  
"The Predictive Index",https://www.linkedin.com/company/the-predictive-index,Very High,1412,1373,15,,,,,  
"Anywhere Real Estate Inc.",https://www.linkedin.com/company/anywhere-real-estate-inc,Very Low,,,14,,,,,  
"Midwest Fastener Corporation",https://www.linkedin.com/company/midwest-fastener-corp,Very Low,,,14,,,,,  
"Dixie Interiors",https://www.linkedin.com/company/dixie-interiors1,High,,,14,3,3,,,  
"Preservation Management, Inc.",https://www.linkedin.com/company/preservation-management-inc-,Very Low,,,14,,,,,  
"MongoDB",https://www.linkedin.com/company/mongodbinc,Very Low,,,14,,,,,  
"R\&H Construction",https://www.linkedin.com/company/rhconstco,Very Low,,,14,,,,,  
"Kratos Defense and Security Solutions",https://www.linkedin.com/company/kratos-defense-and-security-solutions,Very Low,,,14,,,,,  
"American Dawn®",https://www.linkedin.com/company/americandawninc,Very Low,,,14,,,,,  
"Cherokee Town and Country Club",https://www.linkedin.com/company/cherokee-town-and-country-club,Very High,,,14,,18,,,  
"Redfin",https://www.linkedin.com/company/redfin,Very Low,,,14,,,,,  
"ImageWorks Commercial Interiors",https://www.linkedin.com/company/imageworks-commercial-interiors,Very Low,,,13,,,,,  
"Gasser Bush Associates",https://www.linkedin.com/company/gasser-bush-associates,Very Low,,,13,,,,,  
"Goldberg Realty Associates",https://www.linkedin.com/company/goldberg-realty-associates,Very Low,,,13,,,,,  
"Apartment Dynamics",https://www.linkedin.com/company/apartment-dynamics,Very Low,,,13,,,,,  
"ATLFreight.com, LLC",https://www.linkedin.com/company/atlfreight,Very Low,,,13,,,,,  
"FloraCraft Corp.",https://www.linkedin.com/company/floracraft,Very Low,,,13,,,,,  
"ATMI Precast",https://www.linkedin.com/company/atmi-precast,Very Low,,,13,,,,,  
"Andgar Mechanical",https://www.linkedin.com/company/andgar-corporation,Very Low,,,13,,,,,  
"Warby Parker",https://www.linkedin.com/company/warbyparker,Very Low,,,13,,,,,  
"Prairie State Generating Company",https://www.linkedin.com/company/prairie-state-generating-company,High,,,13,,3,,,  
"Hilton Arlington National Landing",https://www.linkedin.com/company/hilton-arlington-national-landing,Very Low,,,13,,,,,  
"USI - Ultra Services Inc.",https://www.linkedin.com/company/ultra-services-inc.,Very Low,,,13,,,,,  
"DiMarco Group",https://www.linkedin.com/company/the-dimarco-group,Very Low,,,13,,,,,  
"Sertifi by Flywire",https://www.linkedin.com/company/sertifi,Very Low,,,13,,,,,  
"Wayne Homes",https://www.linkedin.com/company/wayne-homes,Very Low,,,13,,,,,  
"NYCOM",https://www.linkedin.com/company/nycom,Very Low,,,13,,,,,  
"Perez Trading Company",https://www.linkedin.com/company/pereztrading-company,Very Low,,,12,,,,,  
"That 1 Painter",https://www.linkedin.com/company/that-1-painter,High,,,12,3,3,,,  
"Catayu Management Group Inc.",https://www.linkedin.com/company/catayu-group,Very Low,,,12,,,,,  
"Forum Health",https://www.linkedin.com/company/forum-health-llc,Very Low,,,12,,,,,  
"McKinney Properties, Inc.",https://www.linkedin.com/company/mckinney-properties,Very Low,,,12,,,,,  
"Workspace Property Trust",https://www.linkedin.com/company/workspace-property-trust,Very Low,,,12,,,,,  
"BluePrint Engines",https://www.linkedin.com/company/blueprint-engines,Very Low,,,12,,,,,  
"Newcomb and Company",https://www.linkedin.com/company/newcomb-and-company,Very Low,,,12,,,,,  
"Dragados USA, Inc.",https://www.linkedin.com/company/dragados-usa-inc.,Very Low,,,12,,,,,  
"Arq",https://www.linkedin.com/company/arqinc,Very Low,,,12,,,,,  
"Coburn Supply Co.",https://www.linkedin.com/company/coburnsupply,Very Low,,,12,,,,,  
"Commercial Tool Group: Commercial Tool & Die, Inc., CG Automation & Fixture, Inc., CG Plastics, Inc.",https://www.linkedin.com/company/commercial-tool-&-die-inc.,Very Low,,,12,,,,,  
"Sherman Associates",https://www.linkedin.com/company/sherman-associates,Very High,,,12,3,13,,,  
"Robbins Sports Surfaces",https://www.linkedin.com/company/robbins-sports-surfaces,High,,,12,3,4,,,  
"Yaskawa America, Inc. - Drives & Motion Division",https://www.linkedin.com/company/yaskawaamericainc,Very Low,,,12,,,,,  
"Benjamin Moore",https://www.linkedin.com/company/benjamin-moore,Very Low,,,12,,,,,  
"Apex Dental Partners",https://www.linkedin.com/company/apex-dental-partners,Very Low,,,11,,,,,  
"Bayshore Mortgage Funding LLC",https://www.linkedin.com/company/bayshore-mortgage-funding,Very Low,,,11,,,,,  
"Gasser Chair",https://www.linkedin.com/company/gasser-chair-company-inc.,Very Low,,,11,,,,,  
"Isolatek International",https://www.linkedin.com/company/isolatek-international,Very Low,,,11,,,,,  
"R.E. Warner and Associates, Inc.",https://www.linkedin.com/company/r-e-warner-and-associates-inc-,Very Low,,,11,,,,,  
"Russell Finex Ltd",https://www.linkedin.com/company/russell-finex-ltd,Very Low,,,11,,,,,  
"MANN+HUMMEL",https://www.linkedin.com/company/mannhummel,Very Low,,,11,,,,,  
"Madison Marquette",https://www.linkedin.com/company/madison-marquette,Very Low,,,11,,,,,  
"Buffini & Company",https://www.linkedin.com/company/buffiniandco,Very Low,,,11,,,,,  
"S. M. Wilson & Co.",https://www.linkedin.com/company/smwilson,Very Low,,,11,,,,,  
"Kravet",https://www.linkedin.com/company/kravet,Very Low,,,11,,,,,  
"Avedis Zildjian Company",https://www.linkedin.com/company/avedis-zildjian-company,Very Low,,,11,,,,,  
"Workforce Enterprises",https://www.linkedin.com/company/workforce-enterprises,Very Low,,,10,,,,,  
"American Boiler & Mechanical",https://www.linkedin.com/company/americanboilermech,Very Low,,,10,,,,,  
"OCULUS Surgical",https://www.linkedin.com/company/oculus-surgical-inc-,Very Low,,,10,,,,,  
"Sterling Organization",https://www.linkedin.com/company/sterling-organization,Very Low,,,10,,,,,  
"Anchor Harvey®",https://www.linkedin.com/company/anchor-harvey,Very Low,,,10,,,,,  
"F. M. Howell & Company",https://www.linkedin.com/company/f.m.-howell-&-company,Very Low,,,10,,,,,  
"EFP, LLC.",https://www.linkedin.com/company/efpllc,Very Low,,,10,,,,,  
"The Kinsley Group",https://www.linkedin.com/company/kinsley-power-systems,Very Low,,,10,,,,,  
"Sabre Industries, Inc.",https://www.linkedin.com/company/sabre-industries-inc-,Very Low,,,10,,,,,  
"Fargo Glass & Paint",https://www.linkedin.com/company/fargo-glass-&-paint,Very Low,,,10,,,,,  
"Acquia",https://www.linkedin.com/company/acquia,Very Low,,,10,,,,,  
"ServiceMaster® Brands",https://www.linkedin.com/company/servicemasterbrands,Very Low,,,10,,,,,  
"Fisher Dynamics",https://www.linkedin.com/company/fisher-dynamics,Very Low,,,10,,,,,  
"Akridge",https://www.linkedin.com/company/akridge,Very Low,,,10,,,,,  
"Ruiz Foods",https://www.linkedin.com/company/ruiz-foods,Very Low,,,10,,,,,  
"Antolin",https://www.linkedin.com/company/antolin,Very Low,,,10,,,,,  
"Dobbs Truck Group",https://www.linkedin.com/company/dobbs-truck-group,Very Low,,,9,,,,,  
"Stellar Snacks",https://www.linkedin.com/company/stellarsnacks,Very Low,,,9,,,,,  
"Blueprint Title",https://www.linkedin.com/company/blueprint-title,Very Low,,,9,,,,,  
"Bay Colony Golf Club",https://www.linkedin.com/company/bay-colony-golf-club,Very Low,,,9,,,,,  
"Red Cedar Homes",https://www.linkedin.com/company/red-cedar-co,Very Low,,,9,,,,,  
"Omega Construction, Inc.",https://www.linkedin.com/company/omega-construction-inc-,Very Low,,,9,,,,,  
"Jeff Ruby Culinary Entertainment",https://www.linkedin.com/company/jeff-ruby-culinary-entertainment,Very High,,,9,,4,,,  
"Norman S. Wright Mechanical Equipment",https://www.linkedin.com/company/norman-s.-wright-mechanical-equipment-corporation,Very Low,,,9,,,,,  
"Helm Group",https://www.linkedin.com/company/helm-group,Very Low,,,9,,,,,  
"Stellar",https://www.linkedin.com/company/stellar\_3,Very Low,,,9,,,,,  
"JOOLA",https://www.linkedin.com/company/joolaglobal,Very Low,,,9,,,,,  
"Power Design",https://www.linkedin.com/company/power-design-inc-,Very Low,,,9,,,,,  
"North Shore Steel",https://www.linkedin.com/company/northshoresteel,Very Low,,,9,,,,,  
"TaskUs",https://www.linkedin.com/company/taskus,Very Low,,,9,,,,,  
"Amphenol",https://www.linkedin.com/company/amphenol,Very Low,,,9,,,,,  
"KW PROPERTY MANAGEMENT AND CONSULTING",https://www.linkedin.com/company/kw-property-management-and-consulting,Very Low,,,9,,,,,  
"Friedman Real Estate",https://www.linkedin.com/company/friedman-real-estate-group,Very Low,,,9,,,,,  
"Alliance Laundry Systems LLC",https://www.linkedin.com/company/alliance-laundry-systems,Very Low,,,9,,,,,  
"Regeneron",https://www.linkedin.com/company/regeneron-pharmaceuticals,Very Low,,,9,,,,,  
"Agero, Inc.",https://www.linkedin.com/company/agero-inc-,Very High,6,4,9,,,,,  
"Cabot Corporation",https://www.linkedin.com/company/cabot-corporation,Very Low,,,9,,,,,  
"Konica Minolta Business Solutions U.S.A., Inc.",https://www.linkedin.com/company/konica-minolta-business-solutions-u-s-a--inc-,Very Low,,,9,,,,,  
"Oakhurst Signs & Graphics",https://www.linkedin.com/company/oakhurst-signs-graphics,Very High,,,8,,3,,,  
"Silva International, Inc.",https://www.linkedin.com/company/silva-international-inc.,Very Low,,,8,,,,,  
"Scan Design of Florida Inc",https://www.linkedin.com/company/scan-design-of-florida,Very Low,,,8,,,,,  
"ExchangeRight Real Estate",https://www.linkedin.com/company/exchangeright,Very Low,,,8,,,,,  
"Clampco Products, Inc.",https://www.linkedin.com/company/clampco-products-inc-,Very Low,,,8,,,,,  
"Baird, Hampton & Brown",https://www.linkedin.com/company/bhbinc,Very High,,,8,3,3,,,  
"The William Warren Group",https://www.linkedin.com/company/william-warren-capital-partners,Very High,,,8,,4,,,  
"Vaxcel International Co., Ltd.",https://www.linkedin.com/company/vaxcel-international-ltd,Very Low,,,8,,,,,  
"Acceleration Partners",https://www.linkedin.com/company/acceleration-partners,Very Low,,,8,,,,,  
"Foley, Incorporated",https://www.linkedin.com/company/foley-cat,Very Low,,,8,,,,,  
"CSE, Inc.",https://www.linkedin.com/company/cse-2,Very Low,,,8,,,,,  
"COIT Cleaning and Restoration Services",https://www.linkedin.com/company/coit-services,Very Low,,,8,,,,,  
"The Allen Morris Company",https://www.linkedin.com/company/the-allen-morris-company,Very Low,,,8,,,,,  
"Metal Exchange",https://www.linkedin.com/company/metal-exchange,Very Low,,,8,,,,,  
"NorthBay Health",https://www.linkedin.com/company/northbayhealth,Very Low,,,8,,,,,  
"Coldwell Banker Howard Perry and Walston",https://www.linkedin.com/company/coldwell-banker-hpw,Very Low,,,8,,,,,  
"Golden State Foods",https://www.linkedin.com/company/golden-state-foods,Very Low,,,8,,,,,  
"Angi",https://www.linkedin.com/company/angi,Very Low,,,8,,,,,  
"Microwave Techniques",https://www.linkedin.com/company/microwave-techniques,Very Low,,,7,,,,,  
"Lee's Contracting / Fabricating, Inc.",https://www.linkedin.com/company/lee-s-contracting-fabricating-inc,Very Low,,,7,,,,,  
"Doppelmayr USA",https://www.linkedin.com/company/doppelmayr-usa,Very Low,,,7,,,,,  
"Benton Technical Services",https://www.linkedin.com/company/benton-technical-services,Very High,,,7,,7,,,  
"Black Label Services, Inc",https://www.linkedin.com/company/black-label-services-inc,Very Low,,,7,,,,,  
"PFP Logistics",https://www.linkedin.com/company/pay-for-performance-logistics,Very Low,,,7,,,,,  
"Plant Prefab",https://www.linkedin.com/company/plant-prefab,Very Low,,,7,,,,,  
"Enovation Controls",https://www.linkedin.com/company/enovationcontrols,Very Low,,,7,,,,,  
"Matrix Pointe Software",https://www.linkedin.com/company/matrix-pointe-software,Very Low,,,7,,,,,  
"BPI Packaging, LLC",https://www.linkedin.com/company/bpi-packaging-llc,Very Low,,,7,,,,,  
"Indiana Sugars, Inc.",https://www.linkedin.com/company/indiana-sugars-inc.,Very Low,,,7,,,,,  
"SMS Assist, L.L.C.",https://www.linkedin.com/company/sms-assist-llc,Very Low,,,7,,,,,  
"Proos",https://www.linkedin.com/company/proos-manufacturing-inc.,Very Low,,,7,,,,,  
"HUI Manufacturing",https://www.linkedin.com/company/hui,Very Low,,,7,,,,,  
"Eck Industries, Inc.",https://www.linkedin.com/company/eck-industries-inc-,Very Low,,,7,,,,,  
"Franklin Street",https://www.linkedin.com/company/franklin-street,Very Low,,,7,,,,,  
"Xoran Technologies",https://www.linkedin.com/company/xoran-technologies,Very Low,,,7,,,,,  
"Interplastic Corporation",https://www.linkedin.com/company/interplastic-corporation,Very Low,,,7,,,,,  
"Jetpack Shipping",https://www.linkedin.com/company/jetpackshipping,Very Low,,,6,,,,,  
"Stryten Energy",https://www.linkedin.com/company/stryten-energy,Very Low,,,6,,,,,  
"Blue Magma Residential",https://www.linkedin.com/company/bmresidential,Very Low,,,6,,,,,  
"Open Loop Energy",https://www.linkedin.com/company/open-loop-energy,Very Low,,,6,,,,,  
"Ingevity",https://www.linkedin.com/company/ingevity,Very Low,,,6,,,,,  
"Olympia Chimney & Venting",https://www.linkedin.com/company/olympia-chimney,Very Low,,,6,,,,,  
"Jaeger USA, Inc.",https://www.linkedin.com/company/jaegerinc,Very High,,,6,3,3,,,  
"Meyer Contracting, Inc.",https://www.linkedin.com/company/meyer-contracting-inc-,Very Low,,,6,,,,,  
"Sewell Family of Companies, Inc.",https://www.linkedin.com/company/the-sewell-family-of-companies,Very Low,,,6,,,,,  
"Dunn Construction",https://www.linkedin.com/company/dunnconstruction,Very Low,,,6,,,,,  
"North Branch Construction",https://www.linkedin.com/company/north-branch-construction-inc.,Very Low,,,6,,,,,  
"Safe Industries",https://www.linkedin.com/company/safe-industries,Very Low,,,6,,,,,  
"Curtis Restaurant Equipment",https://www.linkedin.com/company/curtis-restaurant-equipment,Very Low,,,6,,,,,  
"Barber-Nichols",https://www.linkedin.com/company/barber-nichols,Very Low,,,6,,,,,  
"Hawthorne Residential Partners",https://www.linkedin.com/company/hawthorne-residential-partners,Very Low,,,6,,,,,  
"Pacific Landscape Management",https://www.linkedin.com/company/pacific-landscape-management\_2,Very Low,,,6,,,,,  
"8z Real Estate",https://www.linkedin.com/company/8z-real-estate,Very Low,,,6,,,,,  
"EmbedTek",https://www.linkedin.com/company/embedtek,Very Low,,,6,,,,,  
"Milk Specialties Global",https://www.linkedin.com/company/milk-specialties-global-page,Very Low,,,6,,,,,  
"Block Real Estate Services, LLC",https://www.linkedin.com/company/block-real-estate-services,Very Low,,,6,,,,,  
"Rappaport",https://www.linkedin.com/company/the-rappaport-companies,Very Low,,,6,,,,,  
"LSS Life Safety Services®",https://www.linkedin.com/company/life-safety-services-llc,Very Low,,,6,,,,,  
"Lipari Foods",https://www.linkedin.com/company/lipari-foods,Very Low,,,6,,,,,  
"Ace Industries",https://www.linkedin.com/company/ace-industries,Very Low,,,6,,,,,  
"First Quality",https://www.linkedin.com/company/first-quality,Very Low,,,6,,,,,  
"Doncasters Group",https://www.linkedin.com/company/doncasters,Very Low,,,6,,,,,  
"Toyota Tsusho America",https://www.linkedin.com/company/toyota-tsusho-america,Very Low,,,6,,,,,  
"AtriCure, Inc.",https://www.linkedin.com/company/atricure,Very Low,,,6,,,,,  
"The Weitz Company",https://www.linkedin.com/company/the-weitz-company,Very Low,,,6,,,,,  
"STERIS",https://www.linkedin.com/company/steris-corporation,Very Low,,,6,,,,,  
"GALLO",https://www.linkedin.com/company/lifeatgallo,Very Low,,,6,,,,,  
"McGowan's Heating and Air Conditioning",https://www.linkedin.com/company/mcgowan's-heating-and-air-conditioning,Very Low,,,5,,,,,  
"Middleton Meyers",https://www.linkedin.com/company/middleton-meyers,Very Low,,,5,,,,,  
"Clarion Partners LLC",https://www.linkedin.com/company/clarion-partners-llc,Very Low,,,5,,,,,  
"Mill Creek Residential",https://www.linkedin.com/company/mill-creek-residential,Very Low,,,5,,,,,  
"Ergon Inc.",https://www.linkedin.com/company/ergon-inc,Very Low,,,5,,,,,  
"Cedar Management Group",https://www.linkedin.com/company/cedar-management-group,Very Low,,,5,,,,,  
"AARE - Real Estate",https://www.linkedin.com/company/aare-real-estate,Very Low,,,5,,,,,  
"JT Wimsatt Contracting Co., Inc.",https://www.linkedin.com/company/jt-wimsatt-contracting-company-inc-,Very Low,,,5,,,,,  
"J. Raymond Construction Corporation",https://www.linkedin.com/company/j--raymond-construction-corporation,Very Low,,,5,,,,,  
"EMBREY",https://www.linkedin.com/company/embrey-partners-management-services,Very Low,,,5,,,,,  
"Abode Communities",https://www.linkedin.com/company/abode-communities,Very Low,,,5,,,,,  
"Beazer Homes",https://www.linkedin.com/company/beazer-homes,Very Low,,,5,,,,,  
"KRAIBURG TPE",https://www.linkedin.com/company/kraiburg-tpe,Very Low,,,5,,,,,  
"JSP",https://www.linkedin.com/company/jsp,Very Low,,,5,,,,,  
"Oxford Industries",https://www.linkedin.com/company/oxford-industries,Very Low,,,5,,,,,  
"Creation Technologies",https://www.linkedin.com/company/creation-technologies,Very Low,,,5,,,,,  
"Montana State University-Bozeman",https://www.linkedin.com/company/montana-state-university,Very Low,,,5,,,,,  
"IDEX Corporation",https://www.linkedin.com/company/idex-corporation,Very Low,,,5,,,,,  
"Redtree",https://www.linkedin.com/company/red-tree-engineering,Very Low,,,4,,,,,  
"TWENTY2 WALLPAPER & TEXTILES",https://www.linkedin.com/company/twenty2-wallpaper,Very Low,,,4,,,,,  
"Southern Development & Construction, Inc",https://www.linkedin.com/company/southern-development-&-construction-inc.,Very Low,,,4,,,,,  
"Lignetics",https://www.linkedin.com/company/lignetics,Very Low,,,4,,,,,  
"Animix, LLC",https://www.linkedin.com/company/animix,Very Low,,,4,,,,,  
"MAPLAN",https://www.linkedin.com/company/maplan,Very Low,,,4,,,,,  
"Curv Group",https://www.linkedin.com/company/curvgroup,Very Low,,,4,,,,,  
"APC",https://www.linkedin.com/company/apcinc,Very Low,,,4,,,,,  
"KGO",https://www.linkedin.com/company/kgo-real-estate-consulting,Very Low,,,4,,,,,  
"BakeMark",https://www.linkedin.com/company/bakemarkusa,Very Low,,,4,,,,,  
"Schuber Mitchell Homes",https://www.linkedin.com/company/schuber-mitchell-homes,Very Low,,,4,,,,,  
"Century 21 Alliance Realty Group - Dutchess County",https://www.linkedin.com/company/century-21-alliance-realty-group,Very Low,,,4,,,,,  
"KRS Holdings, Inc.",https://www.linkedin.com/company/krs-holdings-inc-,Very Low,,,4,,,,,  
"Dustin Construction, Inc.",https://www.linkedin.com/company/dustin-construction-inc,Very Low,,,4,,,,,  
"Shoreline Manufacturing",https://www.linkedin.com/company/shoreline-manufacturing,Very Low,,,4,,,,,  
"LV Property Management",https://www.linkedin.com/company/legacy-varin-property-management,Very Low,,,4,,,,,  
"Sukut Construction, LLC",https://www.linkedin.com/company/sukut-construction-llc,Very Low,,,4,,,,,  
"Pacific Shoring Products, LLC",https://www.linkedin.com/company/pacific-shoring,Very Low,,,4,,,,,  
"EJ",https://www.linkedin.com/company/ej,Very Low,,,4,,,,,  
"IEC SERVICES",https://www.linkedin.com/company/iecservices,Very Low,,,4,,,,,  
"Jazwares, LLC",https://www.linkedin.com/company/jazwares,Very Low,,,4,,,,,  
"Muscular Moving Men & Storage",https://www.linkedin.com/company/muscular-moving-men,Very Low,,,4,,,,,  
"APA Industries LLC",https://www.linkedin.com/company/a-p-a-industries-inc-,Very Low,,,4,,,,,  
"Energy Systems Southeast, LLC",https://www.linkedin.com/company/energy-systems-southeast-llc,Very Low,,,4,,,,,  
"Doran Companies",https://www.linkedin.com/company/doran-companies,Very Low,,,4,,,,,  
"TeleComp",https://www.linkedin.com/company/telecomp-holdings,Very Low,,,4,,,,,  
"Washington National Insurance Company",https://www.linkedin.com/company/washington-national-insurance-company,Very Low,,,4,,,,,  
"Homewise Appliance",https://www.linkedin.com/company/homewise-appliance,Very Low,,,4,,,,,  
"True Manufacturing",https://www.linkedin.com/company/true-manufacturing,Very Low,,,4,,,,,  
"ThinkSIGN",https://www.linkedin.com/company/thinksignled,Very Low,,,4,,,,,  
"Nissha Metallizing Solutions",https://www.linkedin.com/company/nisshametallizingsolutions,Very Low,,,4,,,,,  
"Feniex Industries",https://www.linkedin.com/company/feniex-industries,Very Low,,,4,,,,,  
"Sports Awards",https://www.linkedin.com/company/sports-awards,Very Low,,,4,,,,,  
"Adams Thermal Systems",https://www.linkedin.com/company/adams-thermal-systems,Very Low,,,4,,,,,  
"Flexsteel Industries Inc.",https://www.linkedin.com/company/flexsteel-industries-inc,Very Low,,,4,,,,,  
"SynergyLabs",https://www.linkedin.com/company/synergylabs,Very Low,,,4,,,,,  
"Instrumart",https://www.linkedin.com/company/instrumart,Very Low,,,4,,,,,  
"CENTURY 21 Arizona Foothills",https://www.linkedin.com/company/century-21-arizona-foothills,Very Low,,,4,,,,,  
"Alliance Disaster Kleenup",https://www.linkedin.com/company/alliance-disaster-kleenup,Very Low,,,4,,,,,  
"Winnebago Industries",https://www.linkedin.com/company/winnebago-industries,Very Low,,,4,,,,,  
"Filtration Group",https://www.linkedin.com/company/filtration-group,Very Low,,,4,,,,,  
"Franklin Electric",https://www.linkedin.com/company/franklin-electric,Very Low,,,4,,,,,  
"Data Solutions International",https://www.linkedin.com/company/data-solutions,Very Low,,,4,,,,,  
"PAE",https://www.linkedin.com/company/pae,Very Low,,,4,,,,,  
"Primary Residential Mortgage",https://www.linkedin.com/company/primary-residential-mortgage,Very Low,,,4,,,,,  
"New York City Police Department",https://www.linkedin.com/company/new-york-city-police-department,Very Low,,,4,,,,,  
"Intuitive",https://www.linkedin.com/company/intuitivesurgical,Very Low,,,4,,,,,  
"JA CROSON & CO",https://www.linkedin.com/company/ja-croson-&-co,Very Low,,,3,,,,,  
"Green Shield Deck Builders",https://www.linkedin.com/company/green-shield-deck-builders,Very Low,,,3,,,,,  
"Precision Building Systems",https://www.linkedin.com/company/precision-building-systems-colorado,Very Low,,,3,,,,,  
"Clear",https://www.linkedin.com/company/clearcompanies,Very Low,,,3,,,,,  
"EverFence",https://www.linkedin.com/company/everfence,Very Low,,,3,,,,,  
"Fort Collins Heating and Air Conditioning",https://www.linkedin.com/company/fort-collins-heating-and-air-conditioning,Very Low,,,3,,,,,  
"Legend Lending Corporation",https://www.linkedin.com/company/legend-lending-corporation,Very Low,,,3,,,,,  
"Farrell Roofing",https://www.linkedin.com/company/farrellroof,Very Low,,,3,,,,,  
"Ajinomoto Foods North America, Inc.",https://www.linkedin.com/company/ajinomotofoods,Very Low,,,3,,,,,  
"Atrium Management Company",https://www.linkedin.com/company/atriummgmt,Very Low,,,3,,,,,  
"JAG Metals LLC",https://www.linkedin.com/company/jag-metals-llc,Very Low,,,3,,,,,  
"Texas Injection Molding",https://www.linkedin.com/company/texas-injection-molding,Very Low,,,3,,,,,  
"Trinity Subsurface, LLC",https://www.linkedin.com/company/trinity-subsurface,Very Low,,,3,,,,,  
"Mercato",https://www.linkedin.com/company/mercato,Very Low,,,3,,,,,  
"Pk Usa",https://www.linkedin.com/company/pk-usa,Very Low,,,3,,,,,  
"Automated Collection Services, Inc.",https://www.linkedin.com/company/automated-collection-services-inc-,Very Low,,,3,,,,,  
"Leadec",https://www.linkedin.com/company/leadec,Very Low,,,3,,,,,  
"Spudnik Equipment Company LLC",https://www.linkedin.com/company/spudnik-equipment-co,Very Low,,,3,,,,,  
"Edge Electric",https://www.linkedin.com/company/edge-electric-inc,Very Low,,,3,,,,,  
"Weisinger Incorporated",https://www.linkedin.com/company/weisinger-incorporated,Very Low,,,3,,,,,  
"Monarc Construction, Inc.",https://www.linkedin.com/company/monarc-construction-inc,Very Low,,,3,,,,,  
"Washington River Protection Solutions (WRPS)",https://www.linkedin.com/company/washington-river-protection-solutions-wrps-,Very Low,,,3,,,,,  
"Capitol Valley Electric",https://www.linkedin.com/company/capitol-valley-electric,Very Low,,,3,,,,,  
"FMI",https://www.linkedin.com/company/fragrance-manufacturing-inc-,Very Low,,,3,,,,,  
"Terra Drive Systems, Inc.",https://www.linkedin.com/company/terra-drive-systems-inc-,Very Low,,,3,,,,,  
"BuildZoom",https://www.linkedin.com/company/buildzoom,Very Low,,,3,,,,,  
"DVSport, Inc.",https://www.linkedin.com/company/dvsport-inc.,Very Low,,,3,,,,,  
"The Michelson Organization",https://www.linkedin.com/company/the-michelson-organization,Very High,,,3,,3,,,  
"MSS Solutions, LLC",https://www.linkedin.com/company/mechanical-systems-services-inc-,Very Low,,,3,,,,,  
"Circuitronix",https://www.linkedin.com/company/circuitronix,Very Low,,,3,,,,,  
"Thermal Windows",https://www.linkedin.com/company/thermal-windows,Very Low,,,3,,,,,  
"Mediate Management Company",https://www.linkedin.com/company/mediate-management-company,Very Low,,,3,,,,,  
"Mitsubishi Electric US, Inc.",https://www.linkedin.com/company/mitsubishi-electric-us-inc-,Very Low,,,3,,,,,  
"Cold Chain Technologies",https://www.linkedin.com/company/cold-chain-technologies,Very Low,,,3,,,,,  
"PRC",https://www.linkedin.com/company/prc-sf,Very Low,,,3,,,,,  
"Novacel",https://www.linkedin.com/company/novacel-solutions,Very Low,,,3,,,,,  
"Gibraltar Industries",https://www.linkedin.com/company/gibraltarindustries,Very Low,,,3,,,,,  
"Shiloh Industries",https://www.linkedin.com/company/durashiloh,Very Low,,,3,,,,,  
"Silvaco Inc",https://www.linkedin.com/company/silvaco,Very Low,,,3,,,,,  
"Natuzzi",https://www.linkedin.com/company/natuzzi,Very Low,,,3,,,,,  
"Five9",https://www.linkedin.com/company/five9,Very Low,,,3,,,,,  
"Ultra Services Inc.",https://www.linkedin.com/company/ultra-services-inc,Very Low,,,,,,,,  
"XCath Robotics",https://www.linkedin.com/company/xcath,Very Low,,,,,,,,  
"Upkey Rentals",https://www.linkedin.com/company/upkey-rentals,Very Low,,,,,,,,  
"Bumble Bee Properties",https://www.linkedin.com/company/bumble-bee-properties,Very Low,,,,,,,,  
"Colby & Conrad",https://www.linkedin.com/company/colby-conrad,Very Low,,,,,,,,  
"Summit Properties USA",https://www.linkedin.com/company/summit-properties-usa,Very Low,,,,,,,,  
"Hartford Property Management",https://www.linkedin.com/company/hartford-property-management,Very Low,,,,,,,,  
"Rosado Landscaping & Design LLC",https://www.linkedin.com/company/rosado-landscaping-and-design-llc,Very Low,,,,,,,,  
"Supernola",https://www.linkedin.com/company/supernola,Very Low,,,,,,,,  
"Pinam Construction",https://www.linkedin.com/company/pinamconstruction,Very Low,,,,,,,,  
"Sunset Builders & Maintenance, Inc",https://www.linkedin.com/company/sunsetbuildersandmaintenance,Very Low,,,,,,,,  
"Homestead Home Builders",https://www.linkedin.com/company/homestead-home-builders,Very Low,,,,,,,,  
"Lunair Medical",https://www.linkedin.com/company/lunair-medical,Very Low,,,,,,,,  
"Mechanical One",https://www.linkedin.com/company/mechanicalone,Very Low,,,,,,,,  
"Allied Fire & Safety Equipment",https://www.linkedin.com/company/allied-fire-safety-equipment,Very Low,,,,,,,,  
"PLASTIC DRESS UP COMPANY",https://www.linkedin.com/company/plastic-dress-up-company,Very Low,,,,,,,,  
"MB SITE WORK",https://www.linkedin.com/company/mb-site-work,Very Low,,,,,,,,  
"Beehive3D, Inc.",https://www.linkedin.com/company/beehive3d-inc.,Very Low,,,,,,,,  
"48 Electric LLC",https://www.linkedin.com/company/48-electric-llc,Very Low,,,,,,,,  
"Cailleo Properties",https://www.linkedin.com/company/cailleoproperties,Very Low,,,,,,,,  
"GRIMES SERVICE COMPANY INC",https://www.linkedin.com/company/grimes-service-company-inc,Very Low,,,,,,,,  
"Cold Air Inductions Inc.",https://www.linkedin.com/company/cold-air-inductions-inc.,Very Low,,,,,,,,  
"Topcomp Homes",https://www.linkedin.com/company/topcomp-homes,Very Low,,,,,,,,  
"Greenline West",https://www.linkedin.com/company/greenline-west,Very Low,,,,,,,,  
"Fast Home Cash Offers",https://www.linkedin.com/company/fasthomecashoffers,Very Low,,,,,,,,  
"SUNTHRU LLC",https://www.linkedin.com/company/sunthru-llc,Very Low,,,,,,,,  
"Savior Service",https://www.linkedin.com/company/savior-service,Very Low,,,,,,,,  
"GSP Investors LLC",https://www.linkedin.com/company/gsp-investors-llc,Very Low,,,,,,,,  
"Prime Cash Offer",https://www.linkedin.com/company/prime-cash-offer,Very Low,,,,,,,,  
"Cash for Land, LLC",https://www.linkedin.com/company/cash-for-land-llc,Very Low,,,,,,,,  
"GuaranteedCashOffer",https://www.linkedin.com/company/guaranteedcashoffer,Very Low,,,,,,,,  
"D'franco Painting & Wallpaper",https://www.linkedin.com/company/d'franco-painting-&-wallpaper,Very Low,,,,,,,,  
"3D Meats",https://www.linkedin.com/company/3d-meats,Very Low,,,,,,,,  
"RCG | Rivers Capital Group",https://www.linkedin.com/company/rivers-capital-group-charleston,Very Low,,,,,,,,  
"Panther Capital Group",https://www.linkedin.com/company/panther-capital-group-llc,Very Low,,,,,,,,  
"QST Ingredients and Packaging, Inc.",https://www.linkedin.com/company/qst-ingredients-and-packaging-inc.,Very Low,,,,,,,,  
"Cambridge Sound Management Holdings LLC",https://www.linkedin.com/company/cambridge-sound-management-holdings-llc,Very Low,,,,,,,,  
"Gibson Electrical, LLC",https://www.linkedin.com/company/gibson-electrical-llc,Very Low,,,,,,,,  
"Ark Roofer LLC",https://www.linkedin.com/company/arkroofer,Very Low,,,,,,,,  
"Rivers & Christian",https://www.linkedin.com/company/rivers-christian,Very Low,,,,,,,,  
"Morphic Development",https://www.linkedin.com/company/morphic-development,Very Low,,,,,,,,  
"Catalyst Construction Group",https://www.linkedin.com/company/catalyst-construction-group,Very Low,,,,,,,,  
"BookingBuilder Technologies",https://www.linkedin.com/company/bookingbuildertechnologies,Very Low,,,,,,,,  
"Bridgeport Inc",https://www.linkedin.com/company/bridgeportinc,Very Low,,,,,,,,  
"House Gallery",https://www.linkedin.com/company/house-gallery-co,Very Low,,,,,,,,  
"Winland Foods",https://www.linkedin.com/company/winland-foods,Very Low,,,,,,,,  
"Janis Properties",https://www.linkedin.com/company/janis-properties,Very Low,,,,,,,,  
"Unusual Machines",https://www.linkedin.com/company/unusual-machines,Very Low,,,,,,,,  
"Insulation Panama City",https://www.linkedin.com/company/insulation-panama-city,Very Low,,,,,,,,  
"Flintrock Builders",https://www.linkedin.com/company/flintrock-builders,Very Low,,,,,,,,  
"Calloway & Co.",https://www.linkedin.com/company/callowayandcompany,Very Low,,,,,,,,  
"Mobile Technical Training",https://www.linkedin.com/company/mobile-technical-training,Very Low,,,,,,,,  
"Pathway Mortgage Group, Inc.",https://www.linkedin.com/company/pathway-mortgage-group-inc.,Very Low,,,,,,,,  
"Concrete Supply Co., Inc.",https://www.linkedin.com/company/concrete-supply-co-inc,Very Low,,,,,,,,  
"Black Rhino Garage Floors™",https://www.linkedin.com/company/black-rhino-garage-floors™,Very Low,,,,,,,,  
"Pinnacle Asset Management",https://www.linkedin.com/company/pinnacleassetmanagement,Very Low,,,,,,,,  
"White Stone Developments",https://www.linkedin.com/company/white-stone-developments,Very Low,,,,,,,,  
"Left Coast Buyers",https://www.linkedin.com/company/leftcoastbuyers,Very Low,,,,,,,,  
"ESG Housing Inc",https://www.linkedin.com/company/esg-housing-inc,Very Low,,,,,,,,  
"FlexGround",https://www.linkedin.com/company/flex-ground,Very Low,,,,,,,,  
"Allure Lifestyle Communities",https://www.linkedin.com/company/allure-lifestyle-communities,Very Low,,,,,,,,  
"CJR Construction Group, LLC",https://www.linkedin.com/company/cjr-construction-group-llc,Very Low,,,,,,,,  
"Spartan Title",https://www.linkedin.com/company/spartantitle,Very Low,,,,,,,,  
"Journal of Clinical Orthodontics",https://www.linkedin.com/company/journal-of-clinical-orthodontics,Very Low,,,,,,,,  
"Astrocare Home Healthcare",https://www.linkedin.com/company/astrocare-home-healthcare,Very Low,,,,,,,,  
"Once Upon A Child Robinson Town Centre",https://www.linkedin.com/company/once-upon-a-child-robinson-town-centre,Very Low,,,,,,,,  
"Colorado Artisan Group",https://www.linkedin.com/company/colorado-artisan-group,Very Low,,,,,,,,  
"First Prime Realty Group",https://www.linkedin.com/company/first-prime-realty-group,Very Low,,,,,,,,  
"Chad Love Services",https://www.linkedin.com/company/chad-love-services,Very Low,,,,,,,,  
"Focal Point Remodeling",https://www.linkedin.com/company/focal-point-remodeling,Very Low,,,,,,,,  
"Aurora Pro Services",https://www.linkedin.com/company/auroraproservices,Very Low,,,,,,,,  
"Zen Windows",https://www.linkedin.com/company/zen-windows,Very Low,,,,,,,,  
"DYO Investments",https://www.linkedin.com/company/dyoinv,Very Low,,,,,,,,  
"Adonis Inc.",https://www.linkedin.com/company/adonis-inc,Very Low,,,,,,,,  
"Radix Hawk",https://www.linkedin.com/company/radixhawk,Very Low,,,,,,,,  
"Walker Property Services, LLC",https://www.linkedin.com/company/walkerpropertyservices,Very Low,,,,,,,,  
"Fishbone Technical Services",https://www.linkedin.com/company/fishbonetechnical,Very Low,,,,,,,,  
"Enduring Homes",https://www.linkedin.com/company/enduringhomes,Very Low,,,,,,,,  
"Nexen Tire America, Inc.",https://www.linkedin.com/company/nexen-tire-america-technical-center,Very Low,,,,,,,,  
"Blount International Consulting",https://www.linkedin.com/company/blount-international-consulting,Very Low,,,,,,,,  
"Waukesha Foundry Inc.",https://www.linkedin.com/company/waukesha-foundry-inc,Very Low,,,,,,,,  
"Jones and Lamberti Builders, Inc.",https://www.linkedin.com/company/jones-and-lamberti-builders-inc,Very Low,,,,,,,,  
"Indigo Construction, LLC",https://www.linkedin.com/company/indigo-construction-llc,Very Low,,,,,,,,  
"AlpineX Group",https://www.linkedin.com/company/alpinex-group,Very Low,,,,,,,,  
"Summit Real Estate Management Services, Inc.",https://www.linkedin.com/company/summitrem,Very Low,,,,,,,,  
"Hubble Network",https://www.linkedin.com/company/hubblenetwork,Very Low,,,,,,,,  
"Norman USA",https://www.linkedin.com/company/norman-usa,Very Low,,,,,,,,  
"Northstar Metal Products, Inc.",https://www.linkedin.com/company/northstar-metal-products-inc,Very Low,,,,,,,,  
"K2 Leadership and Organizational Development",https://www.linkedin.com/company/k2-leadership-development,Very Low,,,,,,,,  
"Fresh Start Home Services / SellToJR.com",https://www.linkedin.com/company/fresh-start-home-services,Very Low,,,,,,,,  
"Ambrozi Contracting",https://www.linkedin.com/company/ambrozi,Very Low,,,,,,,,  
"Blank Slate",https://www.linkedin.com/company/shop-blank-slate-co,Very Low,,,,,,,,  
"Indiana Mineral Aggregates Association - IMAA",https://www.linkedin.com/company/indmaa,Very Low,,,,,,,,  
"Restoration Network, Inc.",https://www.linkedin.com/company/restoration-network-inc,Very Low,,,,,,,,  
"Tricoast Homes",https://www.linkedin.com/company/tricoast-homes,Very Low,,,,,,,,  
"GBOH, Inc",https://www.linkedin.com/company/gboh-inc,Very Low,,,,,,,,  
"Prescott",https://www.linkedin.com/company/prescottgrc,Very Low,,,,,,,,  
"INEOS Aromatics",https://www.linkedin.com/company/ineos-aromatics,Very Low,,,,,,,,  
"Big Easy Management",https://www.linkedin.com/company/big-easy-management,Very Low,,,,,,,,  
"TLC Roofing and Restoration",https://www.linkedin.com/company/tlc-restoration,Very Low,,,,,,,,  
"Keefe's Air Conditioning Heating Electrical Generator & Plumbing",https://www.linkedin.com/company/call-keefes,Very Low,,,,,,,,  
"Best Service Electrical Plumbing Heating & Air",https://www.linkedin.com/company/best-service-electrical-plumbing-heating-air,Very Low,,,,,,,,  
"Karman Space & Defense",https://www.linkedin.com/company/karman-space-defense,Very Low,,,,,,,,  
"Wellife Health",https://www.linkedin.com/company/wellife-health,Very Low,,,,,,,,  
"G3 Construction, Inc.",https://www.linkedin.com/company/g3construction,Very Low,,,,,,,,  
"Custom 420 Supply",https://www.linkedin.com/company/custom-420-supply,Very Low,,,,,,,,  
"Epicutis",https://www.linkedin.com/company/epicutis,Very Low,,,,,,,,  
"Knightsbridge Property & Lifestyle Management",https://www.linkedin.com/company/knightsbridge-property-lifestyle-ltd,Very Low,,,,,,,,  
"Roof Central",https://www.linkedin.com/company/roofcentral,Very Low,,,,,,,,  
"Gebhart Holdings",https://www.linkedin.com/company/gebhart-holdings,Very Low,,,,,,,,  
"Stonescape Steel Roofing",https://www.linkedin.com/company/stonescape-steel-roofing,Very Low,,,,,,,,  
"Four Twelve Roofing",https://www.linkedin.com/company/four-twelve-roofing,Very Low,,,,,,,,  
"Stillwater Building Systems",https://www.linkedin.com/company/stillwater-building-systems,Very Low,,,,,,,,  
"Closed By Angie",https://www.linkedin.com/company/closedbyangie,Very Low,,,,,,,,  
"The Easy Home Buyer",https://www.linkedin.com/company/theeasyhomebuyer,Very Low,,,,,,,,  
"REEP Residential",https://www.linkedin.com/company/reep-residential,Very Low,,,,,,,,  
"AMC Roofing & Construction",https://www.linkedin.com/company/amc-roofing-construction,Very Low,,,,,,,,  
"For the Love of Roofing",https://www.linkedin.com/company/for-the-love-of-roofing,Very Low,,,,,,,,  
"Love Your Bath",https://www.linkedin.com/company/loveyourbath,Very Low,,,,,,,,  
"The Boston Group - Real Estate Investment & Management",https://www.linkedin.com/company/the-boston-group-tx,Very Low,,,,,,,,  
"Four 19 Properties",https://www.linkedin.com/company/four-19-properties,Very Low,,,,,,,,  
"Gindi Equities",https://www.linkedin.com/company/gindi-equities,Very Low,,,,,,,,  
"Mid West Concrete",https://www.linkedin.com/company/mid-west-concrete,Very Low,,,,,,,,  
"Guardian Property Services",https://www.linkedin.com/company/guardian-property-services-uk,Very Low,,,,,,,,  
"Pot + Pan",https://www.linkedin.com/company/pot-pan,Very Low,,,,,,,,  
"GreenFire®",https://www.linkedin.com/company/greenfire®-fire-suppression-innovations,Very Low,,,,,,,,  
"Prime Home Buyers LLC",https://www.linkedin.com/company/prime-home-buyers-llc,Very Low,,,,,,,,  
"Shine Villas",https://www.linkedin.com/company/shinevillas,Very Low,,,,,,,,  
"Spindletop Energy Products, LLC",https://www.linkedin.com/company/spindletop-energy-products-llc,Very Low,,,,,,,,  
"Blue Tank and Pump Rental",https://www.linkedin.com/company/blue-tank-and-pump-rental,Very Low,,,,,,,,  
"180 Contractors Roofing & Siding",https://www.linkedin.com/company/180-contractors,Very Low,,,,,,,,  
"UNION LEVEL LAND AND TIMBER, LLC",https://www.linkedin.com/company/union-level-land-and-timber-llc,Very Low,,,,,,,,  
"HEUBACH COLOR TECHNOLOGY, INC.",https://www.linkedin.com/company/heubach-color-technology-inc.,Very Low,,,,,,,,  
"JHS Pedals",https://www.linkedin.com/company/jhs-pedals,Very Low,,,,,,,,  
"Bella Trae Realty",https://www.linkedin.com/company/bella-trae-realty,Very Low,,,,,,,,  
"USA Capital Group",https://www.linkedin.com/company/usa-capital-group,Very Low,,,,,,,,  
"Montgomery Bakehouse",https://www.linkedin.com/company/montgomery-bakehouse,Very Low,,,,,,,,  
"Chasing Our Tails",https://www.linkedin.com/company/chasing-our-tails,Very Low,,,,,,,,  
"ROBERT GIBB",https://www.linkedin.com/company/robert-gibb,Very Low,,,,,,,,  
"PRIDEROCK CAPITAL PARTNERS, LLC",https://www.linkedin.com/company/priderock-capital-partners-llc,Very Low,,,,,,,,  
"GHK Truss LLC",https://www.linkedin.com/company/ghk-truss-llc,Very Low,,,,,,,,  
"Rain Residential",https://www.linkedin.com/company/rain-residential,Very Low,,,,,,,,  
"Dependable Iron",https://www.linkedin.com/company/dependable-iron,Very Low,,,,,,,,  
"Crimson Chemicals",https://www.linkedin.com/company/chrimson-chemicals,Very Low,,,,,,,,  
"VITERRA USA LLC",https://www.linkedin.com/company/viterra-usa-llc,Very Low,,,,,,,,  
"Araco Group, LLC",https://www.linkedin.com/company/araco-group-llc,Very Low,,,,,,,,  
"MISSISSIPPI REGIONAL HOUSING AUTHORITY NO. VII",https://www.linkedin.com/company/mississippi-regional-housing-authority-no.-vii,Very Low,,,,,,,,  
"BIG LICK LLC",https://www.linkedin.com/company/big-lick-llc,Very Low,,,,,,,,  
"MAP Capital",https://www.linkedin.com/company/mapcapital,Very Low,,,,,,,,  
"Ravago Americas",https://www.linkedin.com/company/ravago-americas,Very Low,,,,,,,,  
"Marketer Brothers",https://www.linkedin.com/company/marketer-brothers,Very Low,,,,,,,,  
"Nutracap",https://www.linkedin.com/company/nutracap,Very Low,,,,,,,,  
"Rapid Fire Investments",https://www.linkedin.com/company/rapid-fire-investments,Very Low,,,,,,,,  
"Advantage Metal Buildings",https://www.linkedin.com/company/advantage-metal-buildings,Very Low,,,,,,,,  
"United Spray",https://www.linkedin.com/company/unitedspray,Very Low,,,,,,,,  
"US Construction Group",https://www.linkedin.com/company/us-construction-group,Very Low,,,,,,,,  
"Pacific Wholesale Mortgage",https://www.linkedin.com/company/pacific-wholesale-mortgage,Very Low,,,,,,,,  
"EcoShot",https://www.linkedin.com/company/ecoshotinc,Very Low,,,,,,,,  
"Larsen",https://www.linkedin.com/company/larsen-llc,Very Low,,,,,,,,  
"Aerostar Manufacturing",https://www.linkedin.com/company/aerostarmfg,Very Low,,,,,,,,  
"Falcon Industries Inc.",https://www.linkedin.com/company/falcon-industries-inc,Very Low,,,,,,,,  
"MMTH",https://www.linkedin.com/company/mmthbuilt,Very Low,,,,,,,,  
"The Staffing Ninjas (TSN Partners)",https://www.linkedin.com/company/tsnpartners,Very Low,,,,,,,,  
"Multitaskr - ADU Financing and Construction",https://www.linkedin.com/company/gomultitaskr,Very Low,,,,,,,,  
"Kaidi Global",https://www.linkedin.com/company/kaidiglobal,Very Low,,,,,,,,  
"Rand Property Management",https://www.linkedin.com/company/rand-property-management,Very Low,,,,,,,,  
"Colonial Property Management",https://www.linkedin.com/company/cpm-colonial-property-management,Very Low,,,,,,,,  
"Asphalt365",https://www.linkedin.com/company/asphalt365,Very Low,,,,,,,,  
"Highmark Residential",https://www.linkedin.com/company/highmarkres,Very Low,,,,,,,,  
"Alliance Bank",https://www.linkedin.com/company/alliancebanktexas,Very Low,,,,,,,,  
"iStudio Salons",https://www.linkedin.com/company/istudiosalons,Very Low,,,,,,,,  
"Phoenix Water Solutions",https://www.linkedin.com/company/phoenixwatersolutions,Very Low,,,,,,,,  
"Lilmar Properties",https://www.linkedin.com/company/lilmar-properties,Very Low,,,,,,,,  
"Vantix Electric",https://www.linkedin.com/company/vantix-electric,Very Low,,,,,,,,  
"NAREIM",https://www.linkedin.com/company/nareim,Very Low,,,,,,,,  
"Carlisle Construction, LLC",https://www.linkedin.com/company/carlisle-general-contractors,Very Low,,,,,,,,  
"HKC Roofing & Sheet Metal",https://www.linkedin.com/company/hkc-roofing-sheet-metal,Very Low,,,,,,,,  
"Global Irrigation Solutions",https://www.linkedin.com/company/global-irrigation-solutions,Very Low,,,,,,,,  
"Custom Installations Inc",https://www.linkedin.com/company/custom-installations-inc,Very Low,,,,,,,,  
"Geomet Recycling",https://www.linkedin.com/company/geomet-recycling-llc,Very Low,,,,,,,,  
"Kempler & Co., Inc",https://www.linkedin.com/company/kempler-co-inc,Very Low,,,,,,,,  
"Rebuilt",https://www.linkedin.com/company/rebuilt-investments,Very Low,,,,,,,,  
"American Labels, LLC",https://www.linkedin.com/company/american-labels-llc,Very Low,,,,,,,,  
"FR International",https://www.linkedin.com/company/fr-international,Very Low,,,,,,,,  
"NuWorld Lighting Solutions, Inc.",https://www.linkedin.com/company/nuworld-lighting,Very Low,,,,,,,,  
"Mattsson Roofing",https://www.linkedin.com/company/mattsson-roofing,Very Low,,,,,,,,  
"jeff scherer",https://www.linkedin.com/company/jeff-scherer,Very Low,,,,,,,,  
"Crocodile Cloth®",https://www.linkedin.com/company/crocodilecloth,Very Low,,,,,,,,  
"QMed Innovations, Inc.",https://www.linkedin.com/company/qmed-innovations-inc,Very Low,,,,,,,,  
"Home 4 You",https://www.linkedin.com/company/home4yourealestatesolutions,Very Low,,,,,,,,  
"dree",https://www.linkedin.com/company/joindree,Very Low,,,,,,,,  
"D'Angelo Building Company",https://www.linkedin.com/company/dangelobuildingcompany,Very Low,,,,,,,,  
"Clarus Corporation (CLAR)",https://www.linkedin.com/company/clarus-corp-clar,Very Low,,,,,,,,  
"MoreTalent",https://www.linkedin.com/company/moretalent,Very Low,,,,,,,,  
"JOC Construction",https://www.linkedin.com/company/joc-construction,Very Low,,,,,,,,  
"The Oldfather Group | Compass Real Estate Agents",https://www.linkedin.com/company/theoldfathergroup,Very Low,,,,,,,,  
"Aliph Brands",https://www.linkedin.com/company/aliph-brands,Very Low,,,,,,,,  
"ATD Partners",https://www.linkedin.com/company/atd-partners,Very Low,,,,,,,,  
"BrightSphere Investment Group",https://www.linkedin.com/company/brightsphere-investment-group,Very Low,,,,,,,,  
"Fair Oaks Farms",https://www.linkedin.com/company/fofarms,Very Low,,,,,,,,  
"Iovino Enterprises, LLC.",https://www.linkedin.com/company/iovinoenterprises,Very Low,,,,,,,,  
"Ochoa Construction",https://www.linkedin.com/company/ochoaconstruction,Very Low,,,,,,,,  
"Hyde Concrete",https://www.linkedin.com/company/hydeconcrete,Very Low,,,,,,,,  
"Land Elevated",https://www.linkedin.com/company/land-elevated,Very Low,,,,,,,,  
"Enovate",https://www.linkedin.com/company/enovatenj,Very Low,,,,,,,,  
"Space Craft Manufacturing",https://www.linkedin.com/company/space-craft-mfg,Very Low,,,,,,,,  
"Axis Water Technologies",https://www.linkedin.com/company/axis-water-technologies,Very Low,,,,,,,,  
"The Laurel Group",https://www.linkedin.com/company/laurel-group-outdoor-living,Very Low,,,,,,,,  
"Safe Slide Restoration",https://www.linkedin.com/company/safeslide,Very Low,,,,,,,,  
"Wyse Home Team Realty",https://www.linkedin.com/company/wyse-home-team-realty,Very Low,,,,,,,,  
"VertifyData",https://www.linkedin.com/company/vertifydata,Very Low,,,,,,,,  
"Southland Holdings",https://www.linkedin.com/company/southland-holdings,Very Low,,,,,,,,  
"Taureau Group, LLC",https://www.linkedin.com/company/taureaugroup,Very Low,,,,,,,,  
"Taylor Street",https://www.linkedin.com/company/taylor-street,Very Low,,,,,,,,  
"C.F. Smith Property Group",https://www.linkedin.com/company/cfsmithpg,Very Low,,,,,,,,  
"ELIFIN®",https://www.linkedin.com/company/elifin,Very Low,,,,,,,,  
"Behave Health",https://www.linkedin.com/company/behavehealth,Very Low,,,,,,,,  
"Riverstone Living",https://www.linkedin.com/company/riverstone-london,Very Low,,,,,,,,  
"EGGER North America",https://www.linkedin.com/company/egger-north-america,Very Low,,,,,,,,  
"City Lumber Company",https://www.linkedin.com/company/city-lumber-company,Very Low,,,,,,,,  
"Onyx Funding",https://www.linkedin.com/company/onyx-funding,Very Low,,,,,,,,  
"Inspired Life Investments LLC",https://www.linkedin.com/company/inspiredhawaii,Very Low,,,,,,,,  
"Liberty National Golf Club",https://www.linkedin.com/company/libertynationalgc,Very Low,,,,,,,,  
"Starved Rock Wood Products",https://www.linkedin.com/company/starved-rock-wood-products,Very Low,,,,,,,,  
"Cobalt",https://www.linkedin.com/company/cobaltbuilt,Very Low,,,,,,,,  
"GoBe Kids",https://www.linkedin.com/company/gobekids,Very Low,,,,,,,,  
"Apartment 304",https://www.linkedin.com/company/apartment304,Very Low,,,,,,,,  
"The Neiders Company",https://www.linkedin.com/company/theneidersco,Very Low,,,,,,,,  
"Restoration Builders Inc.",https://www.linkedin.com/company/restorationbuilders,Very Low,,,,,,,,  
"Houck Construction, Inc.",https://www.linkedin.com/company/houckinc,Very Low,,,,,,,,  
"JTB Homes",https://www.linkedin.com/company/jtb-homes,Very Low,,,,,,,,  
"Maverick Residential Company",https://www.linkedin.com/company/maverick-residential-company,Very Low,,,,,,,,  
"Perry Construction Management",https://www.linkedin.com/company/perrymgmt,Very Low,,,,,,,,  
"Superior Supplement Manufacturing",https://www.linkedin.com/company/superior-supplement-manufacturing,Very Low,,,,,,,,  
"Shyft",https://www.linkedin.com/company/shyft-global,Very Low,,,,,,,,  
"Terrasana Cannabis Co.",https://www.linkedin.com/company/terrasana-labs,Very Low,,,,,,,,  
"BSC Signs",https://www.linkedin.com/company/bsc-signs,Very Low,,,,,,,,  
"AllView Real Estate",https://www.linkedin.com/company/allviewrealestate,Very Low,,,,,,,,  
"Bay Sun Solar",https://www.linkedin.com/company/bay-sun-solar,Very Low,,,,,,,,  
"Greenman",https://www.linkedin.com/company/greenmaninvestments,Very Low,,,,,,,,  
"Chelsea Investment Corporation",https://www.linkedin.com/company/chelsea-investment-corporation,Very Low,,,,,,,,  
"Elevated Materials",https://www.linkedin.com/company/elevatedmaterials,Very Low,,,,,,,,  
"Factory Direct Models",https://www.linkedin.com/company/factory-direct-models,Very Low,,,,,,,,  
"52TEN",https://www.linkedin.com/company/52ten,Very Low,,,,,,,,  
"Xepco Properties",https://www.linkedin.com/company/xepcoproperties,Very Low,,,,,,,,  
"Hypro Group",https://www.linkedin.com/company/hypro-group,Very Low,,,,,,,,  
"Outstanding Foods, Inc",https://www.linkedin.com/company/outstandingfoods,Very Low,,,,,,,,  
"BLT Enterprises",https://www.linkedin.com/company/bltenterprises,Very Low,,,,,,,,  
"Arrowhead Housing, Inc.",https://www.linkedin.com/company/arrowheadhousinginc.,Very Low,,,,,,,,  
"Bungalow",https://www.linkedin.com/company/bungalow-living,Very Low,,,,,,,,  
"StructionSite (acquired by DroneDeploy)",https://www.linkedin.com/company/structionsite-inc.,Very Low,,,,,,,,  
"GEAR AID",https://www.linkedin.com/company/gearaid,Very Low,,,,,,,,  
"Astro Holdings Ltd",https://www.linkedin.com/company/astroholdings,Very Low,,,,,,,,  
"Jacobs Ladder LLC",https://www.linkedin.com/company/jacobs-ladder-llc,Very Low,,,,,,,,  
"Aberdeen Dynamics",https://www.linkedin.com/company/aberdeendynamics,Very Low,,,,,,,,  
"Encore Real Estate Investment Services",https://www.linkedin.com/company/encore-real-estate-investment-services,Very Low,,,,,,,,  
"E Quinn Consulting",https://www.linkedin.com/company/equinnconsulting,Very Low,,,,,,,,  
"Visser Precision",https://www.linkedin.com/company/visser-precision,Very Low,,,,,,,,  
"Gurkee's Rope Sandals",https://www.linkedin.com/company/gurkee's-rope-sandals,Very Low,,,,,,,,  
"PARVIN PAVING AND SEALING INC",https://www.linkedin.com/company/parvin-paving-and-sealing-inc,Very Low,,,,,,,,  
"Klute",https://www.linkedin.com/company/klute-inc,Very Low,,,,,,,,  
"FCI Residential Corporation",https://www.linkedin.com/company/fciresidentialcorporation,Very Low,,,,,,,,  
"H & H MECHANICAL INC",https://www.linkedin.com/company/h-&-h-mechanical-inc,Very Low,,,,,,,,  
"H & H SALES, INC",https://www.linkedin.com/company/h-&-h-sales-inc,Very Low,,,,,,,,  
"KEYSTONE CONSTRUCTION LLC",https://www.linkedin.com/company/keystone-construction-llc,Very Low,,,,,,,,  
"Somerset Welding & Steel, Inc.",https://www.linkedin.com/company/somerset-welding-&-steel-inc.,Very Low,,,,,,,,  
"Princeton Classic Homes",https://www.linkedin.com/company/princeton-classic-homes,Very Low,,,,,,,,  
"Franchise Payments Network",https://www.linkedin.com/company/franchise-payments-network,Very Low,,,,,,,,  
"PDJ COMPONENTS, INC.",https://www.linkedin.com/company/pdj-components-inc.,Very Low,,,,,,,,  
"Fischer Special Manufacturing Company",https://www.linkedin.com/company/fischer-special-manufacturing-company,Very Low,,,,,,,,  
"CONSERVATIVE CONGREGATIONAL CHRISTIAN CONFERENCE",https://www.linkedin.com/company/conservative-congregational-christian-conference,Very Low,,,,,,,,  
"TRUBUILT BUILDERS LLC",https://www.linkedin.com/company/trubuilt-builders-llc,Very Low,,,,,,,,  
"CRTS, Inc.",https://www.linkedin.com/company/crts-inc.,Very Low,,,,,,,,  
"Oliver Companies, Inc.",https://www.linkedin.com/company/oliver-companies-inc.,Very Low,,,,,,,,  
"B & M STEEL AND WELDING INC",https://www.linkedin.com/company/b-&-m-steel-and-welding-inc,Very Low,,,,,,,,  
"Cabrio Properties",https://www.linkedin.com/company/cabrio-properties,Very Low,,,,,,,,  
"USA VINYL, LLC",https://www.linkedin.com/company/usa-vinyl-llc,Very Low,,,,,,,,  
"The Neighborhoods",https://www.linkedin.com/company/the-neighborhoods,Very Low,,,,,,,,  
"W.A. HOY CONSTRUCTION, INC.",https://www.linkedin.com/company/w.a.-hoy-construction-inc.,Very Low,,,,,,,,  
"HAN NARA ENTERPRISES, LP",https://www.linkedin.com/company/han-nara-enterprises-lp,Very Low,,,,,,,,  
"Falkenberg/Gilliam & Associates, Inc.",https://www.linkedin.com/company/falkenberg-gilliam-&-associates-inc,Very Low,,,,,,,,  
"Empire Worldwide Logistics",https://www.linkedin.com/company/empire-wwl,Very Low,,,,,,,,  
"WoodgeniX LLC",https://www.linkedin.com/company/woodgenixllc,Very Low,,,,,,,,  
"Integrity Home Contracting",https://www.linkedin.com/company/integrity-home-contracting,Very Low,,,,,,,,  
"Fasteners Unlimited, Inc.",https://www.linkedin.com/company/fasteners-unlimited,Very Low,,,,,,,,  
"LandProz",https://www.linkedin.com/company/landproz,Very Low,,,,,,,,  
"Seagate Development Group",https://www.linkedin.com/company/seagate-development-group-llc.,Very Low,,,,,,,,  
"APEX Home Buyers, LLC",https://www.linkedin.com/company/apex-homebuyers-llc,Very Low,,,,,,,,  
"ACN + Kynect",https://www.linkedin.com/company/acnkynect,Very Low,,,,,,,,  
"Kinetec",https://www.linkedin.com/company/kinetec-sas,Very Low,,,,,,,,  
"Kemin AquaScience™",https://www.linkedin.com/company/kemin-aquascience,Very Low,,,,,,,,  
"Human Factor Corporation.,",https://www.linkedin.com/company/human-factor-india,Very Low,,,,,,,,  
"Surface Care PROS",https://www.linkedin.com/company/surface-care-pros,Very Low,,,,,,,,  
"Straumann Group",https://www.linkedin.com/company/straumann-group,Very Low,,,,,,,,  
"Center Cut",https://www.linkedin.com/company/center-cut-landscape-services,Very Low,,,,,,,,  
"CMOC",https://www.linkedin.com/company/cmocinternational,Very Low,,,,,,,,  
"Hilton Capital Management, LLC",https://www.linkedin.com/company/hilton-capital-management-llc,Very Low,,,,,,,,  
"McDonald Electrical Corporation",https://www.linkedin.com/company/mcdonald-electrical-corporation,Very Low,,,,,,,,  
"Platinum Builders, LLC",https://www.linkedin.com/company/platinumllc,Very Low,,,,,,,,  
"Raven3 Home Buyers",https://www.linkedin.com/company/raven3-home-buyers,Very Low,,,,,,,,  
"ATL Music Lessons",https://www.linkedin.com/company/atl-music-lessons,Very Low,,,,,,,,  
"Chapco, Inc - Sheet Metal Fabrication & Contract Manufacturing",https://www.linkedin.com/company/chapcoinc,Very Low,,,,,,,,  
"Southern Construction",https://www.linkedin.com/company/southern-construction,Very Low,,,,,,,,  
"Chemlock Nutrition",https://www.linkedin.com/company/chemlock-nutrition,Very Low,,,,,,,,  
"Louisville Spray Foam Insulation",https://www.linkedin.com/company/louisville-spray-foam-insulation,Very Low,,,,,,,,  
"MORRE-TEC Industries, Inc",https://www.linkedin.com/company/morre-tec-industries-inc,Very Low,,,,,,,,  
"Grassroots Cannabis",https://www.linkedin.com/company/grassroots-cannabis,Very Low,,,,,,,,  
"Grand Street Media",https://www.linkedin.com/company/grand-street-media,Very Low,,,,,,,,  
"PTS Corp",https://www.linkedin.com/company/ptscorp,Very Low,,,,,,,,  
"EasyKnock",https://www.linkedin.com/company/easyknock,Very Low,,,,,,,,  
"Cantata Health Solutions",https://www.linkedin.com/company/cantata-health,Very Low,,,,,,,,  
"HomeStar Remodeling",https://www.linkedin.com/company/homestar-remodeling,Very Low,,,,,,,,  
"Woodland Deck Company",https://www.linkedin.com/company/woodland-deck-company,Very Low,,,,,,,,  
"Six Bricks",https://www.linkedin.com/company/six-bricks,Very Low,,,,,,,,  
"Old Home Rescue",https://www.linkedin.com/company/wood-window-rescue,Very Low,,,,,,,,  
"Design Program Manager",https://www.linkedin.com/company/designprogrammanager,Very Low,,,,,,,,  
"Citrine Marketing Inc.",https://www.linkedin.com/company/citrine-marketing,Very Low,,,,,,,,  
"Minova",https://www.linkedin.com/company/minova,Very Low,,,,,,,,  
"Endless West",https://www.linkedin.com/company/endlesswest,Very Low,,,,,,,,  
"BLE",https://www.linkedin.com/company/ble,Very Low,,,,,,,,  
"Hoxton Circle",https://www.linkedin.com/company/hoxton-circle,Very Low,,,,,,,,  
"Southern Building Group, Inc.",https://www.linkedin.com/company/southern-building-group-inc.,Very Low,,,,,,,,  
"Bridge Masters Inc.",https://www.linkedin.com/company/bridge-masters-inc,Very Low,,,,,,,,  
"De Soutter Medical",https://www.linkedin.com/company/desoutter-medical,Very Low,,,,,,,,  
"US Radar Inc.",https://www.linkedin.com/company/usradar-inc,Very Low,,,,,,,,  
"Gomes Group",https://www.linkedin.com/company/gomesgroup,Very Low,,,,,,,,  
"OKO Group",https://www.linkedin.com/company/oko-group,Very Low,,,,,,,,  
"SDAC",https://www.linkedin.com/company/sdac8-a-,Very Low,,,,,,,,  
"Odinbrook Global Advisors",https://www.linkedin.com/company/odinbrook-global-advisors,Very Low,,,,,,,,  
"HF Custom Solutions",https://www.linkedin.com/company/hf-custom-solutions,Very Low,,,,,,,,  
"Nightstar Capital Solutions",https://www.linkedin.com/company/nightstarcapital,Very Low,,,,,,,,  
"Texas Green Plumbing, LLC",https://www.linkedin.com/company/texas-green-plumbing,Very Low,,,,,,,,  
"Kimelo",https://www.linkedin.com/company/kimelo,Very Low,,,,,,,,  
"Ohio Cash Buyers",https://www.linkedin.com/company/ohio-cash-buyers,Very Low,,,,,,,,  
"Camden",https://www.linkedin.com/company/camden,Very Low,,,,,,,,  
"Salary Finance",https://www.linkedin.com/company/salaryfinance,Very Low,,,,,,,,  
"Norres Baggerman Group | North America",https://www.linkedin.com/company/norres-na,Very Low,,,,,,,,  
"Orange County Tax Collector - Scott Randolph",https://www.linkedin.com/company/orange-county-tax-collector---scott-randolph,Very Low,,,,,,,,  
"Snyder Building Construction",https://www.linkedin.com/company/snyder-building-construction,Very Low,,,,,,,,  
"Knocki (Haptic, Inc.)",https://www.linkedin.com/company/knocki,Very Low,,,,,,,,  
"Hinch Crowley Realty Associates",https://www.linkedin.com/company/hinch-crowley-realty-associates,Very Low,,,,,,,,  
"Botkeeper",https://www.linkedin.com/company/botkeeper,Very Low,,,,,,,,  
"BPL Plasma",https://www.linkedin.com/company/bpl-plasma,Very Low,,,,,,,,  
"Horizon Global",https://www.linkedin.com/company/horizon-global,Very Low,,,,,,,,  
"Finna Sensors",https://www.linkedin.com/company/finnasensors,Very Low,,,,,,,,  
"Trusona",https://www.linkedin.com/company/trusona-inc-,Very Low,,,,,,,,  
"Primo Designs",https://www.linkedin.com/company/primo-designs,Very Low,,,,,,,,  
"Greenville Housing Fund",https://www.linkedin.com/company/greenvillehousingfund,Very Low,,,,,,,,  
"CHIK FIL A",https://www.linkedin.com/company/chik-fil-a,Very Low,,,,,,,,  
"Momentum Events Ltd",https://www.linkedin.com/company/momentum-events-ltd,Very Low,,,,,,,,  
"Alltec Lifting Systems",https://www.linkedin.com/company/alltec-lifting-systems,Very Low,,,,,,,,  
"GCD Sales",https://www.linkedin.com/company/gcdsales-ga-al-fl-tn,Very Low,,,,,,,,  
"Calpine Containers INC",https://www.linkedin.com/company/calpine-containers-inc,Very Low,,,,,,,,  
"Addison Homes",https://www.linkedin.com/company/addison-homes,Very Low,,,,,,,,  
"FERPA Precision Machine, Inc.",https://www.linkedin.com/company/ferpa,Very Low,,,,,,,,  
"Precinmac",https://www.linkedin.com/company/precinmac,Very Low,,,,,,,,  
"MRB Contractors",https://www.linkedin.com/company/mrb-contractors-llc-,Very Low,,,,,,,,  
"Real Property Management of the Triad (Greensboro Office)",https://www.linkedin.com/company/real-property-management-of-the-triad,Very Low,,,,,,,,  
"Stratford Homes L.P.",https://www.linkedin.com/company/stratford-homes-l-p-,Very Low,,,,,,,,  
"Ajulia Executive Search",https://www.linkedin.com/company/ajuliaexecutivesearch,Very Low,,,,,,,,  
"DCS | Dental Claim Support",https://www.linkedin.com/company/dental-claimsupport,Very Low,,,,,,,,  
"BCA Architects & Engineers",https://www.linkedin.com/company/bcaarchitectsandengineers,Very Low,,,,,,,,  
"Advanced Custom Cabinets",https://www.linkedin.com/company/advanced-custom-cabinets,Very Low,,,,,,,,  
"Turner Remodeling",https://www.linkedin.com/company/turner-remodeling,Very Low,,,,,,,,  
"Sunrise Plastic Enterprise",https://www.linkedin.com/company/sunrise-plastic-enterprise,Very Low,,,,,,,,  
"Cohen Commercial Realty, Inc.",https://www.linkedin.com/company/cohen-commercial-realty-inc,Very Low,,,,,,,,  
"Sales Dimensions Inc",https://www.linkedin.com/company/sales-dimensions-inc,Very Low,,,,,,,,  
"Wieser Concrete Products, Inc.",https://www.linkedin.com/company/wieser-concrete-products-inc,Very Low,,,,,,,,  
"Bove Industries, Inc.",https://www.linkedin.com/company/bove-industries-inc,Very Low,,,,,,,,  
"Cherokee Strip Credit Union",https://www.linkedin.com/company/cherokee-strip-credit-union,Very Low,,,,,,,,  
"Supreme Service Today",https://www.linkedin.com/company/supreme-air,Very Low,,,,,,,,  
"Stone Restoration of America",https://www.linkedin.com/company/stone-restoration-of-america,Very Low,,,,,,,,  
"Bally Block Comapny",https://www.linkedin.com/company/bally-block-co,Very Low,,,,,,,,  
"DMG Investments",https://www.linkedin.com/company/dmg-investments-llc,Very Low,,,,,,,,  
"Oostburg State Bank",https://www.linkedin.com/company/oostburg-state-bank,Very Low,,,,,,,,  
"Diprima Custom Homes",https://www.linkedin.com/company/diprima-custom-homes,Very Low,,,,,,,,  
"Bay Side",https://www.linkedin.com/company/bay-side,Very Low,,,,,,,,  
"Jada Windows",https://www.linkedin.com/company/jada-windows,Very Low,,,,,,,,  
"U.S. Properties Group, Inc.",https://www.linkedin.com/company/u.s.-properties-group-inc.,Very Low,,,,,,,,  
"Lean Technology Corporation",https://www.linkedin.com/company/lean-technology-corporation,Very Low,,,,,,,,  
"S.L. Leonard & Associates, Inc.",https://www.linkedin.com/company/s-l--leonard-&-associates,Very Low,,,,,,,,  
"Sunroad Enterprises",https://www.linkedin.com/company/sunroad-enterprises,Very Low,,,,,,,,  
"Round Hill Pacific",https://www.linkedin.com/company/round-hill-pacific,Very Low,,,,,,,,  
"Bay Homebuyers",https://www.linkedin.com/company/bay-homebuyers,Very Low,,,,,,,,  
"Weeks Drilling and Pump Co.",https://www.linkedin.com/company/weeks-drilling-and-pump-co-,Very Low,,,,,,,,  
"Schefers Roofing Company",https://www.linkedin.com/company/schefersroofingco,Very Low,,,,,,,,  
"Classical Christian Academy",https://www.linkedin.com/company/classical-christian-academy,Very Low,,,,,,,,  
"Law office of Sativa Boatman-Sloan",https://www.linkedin.com/company/law-office-of-sativa-boatman-sloan,Very Low,,,,,,,,  
"H\&F Bread Co",https://www.linkedin.com/company/h\&f-bread-co,Very Low,,,,,,,,  
"Kheprw Institute",https://www.linkedin.com/company/kheprw-institute,Very Low,,,,,,,,  
"Fuse Fabrication, LLC",https://www.linkedin.com/company/fuse-fabrication,Very Low,,,,,,,,  
"Strategic Financial Solutions Inc.",https://www.linkedin.com/company/strategic-financial-solutions-inc-,Very Low,,,,,,,,  
"Coval Homes",https://www.linkedin.com/company/coval-homes,Very Low,,,,,,,,  
"Cooper Natural Resources",https://www.linkedin.com/company/cooper-natural-resources,Very Low,,,,,,,,  
"Fezzos",https://www.linkedin.com/company/fezzos,Very Low,,,,,,,,  
"Entryway",https://www.linkedin.com/company/entrywaytalent,Very Low,,,,,,,,  
"Refrigeration Technologies",https://www.linkedin.com/company/refrigeration-technologies,Very Low,,,,,,,,  
"Preveon Health",https://www.linkedin.com/company/preveon-health,Very Low,,,,,,,,  
"LOGIC Commercial Real Estate",https://www.linkedin.com/company/logic---commercial-real-estate,Very Low,,,,,,,,  
"Edwards Abstract and Title. Co.",https://www.linkedin.com/company/edwardsabstract,Very Low,,,,,,,,  
"Beauport Hotel Gloucester",https://www.linkedin.com/company/beauport-hotel,Very Low,,,,,,,,  
"SWIFT Health Solutions",https://www.linkedin.com/company/swift-health-solutions,Very Low,,,,,,,,  
"East Point Housing Authority",https://www.linkedin.com/company/east-point-housing-authority,Very Low,,,,,,,,  
"Octex",https://www.linkedin.com/company/octexgroup,Very Low,,,,,,,,  
"A & A Development, Inc.",https://www.linkedin.com/company/a-&-a-development-inc-,Very Low,,,,,,,,  
"Bayside Contracting",https://www.linkedin.com/company/bayside-contracting,Very Low,,,,,,,,  
"Armadillon Audio",https://www.linkedin.com/company/armadillon-audio,Very Low,,,,,,,,  
"National Material Company",https://www.linkedin.com/company/national-material-company,Very Low,,,,,,,,  
"Sleiman Enterprises",https://www.linkedin.com/company/sleimanenterprises,Very Low,,,,,,,,  
"Frantl Industries Inc",https://www.linkedin.com/company/frantl-industries-inc,Very Low,,,,,,,,  
"Goff Inc.",https://www.linkedin.com/company/goff-inc-,Very Low,,,,,,,,  
"Amycel",https://www.linkedin.com/company/amycel-spawn-mate-inc-,Very Low,,,,,,,,  
"San Gennaro Foods Inc",https://www.linkedin.com/company/sangennarofoods,Very Low,,,,,,,,  
"Torrance Casting, Inc.",https://www.linkedin.com/company/torrance-casting-inc-,Very Low,,,,,,,,  
"Integrated Restoration",https://www.linkedin.com/company/integrated-restoration,Very Low,,,,,,,,  
"Rego Realty",https://www.linkedin.com/company/rego-realty-corp-,Very Low,,,,,,,,  
"Real Estate Money",https://www.linkedin.com/company/real-estate-money,Very Low,,,,,,,,  
"Nexus Orthopaedics",https://www.linkedin.com/company/nexus-orthopaedics,Very Low,,,,,,,,  
"AB Specialty Silicones",https://www.linkedin.com/company/ab-specialty-silicones,Very Low,,,,,,,,  
"S.W. Collins Company",https://www.linkedin.com/company/swcollinsco,Very Low,,,,,,,,  
"Snow and Ice Management Company, Inc.",https://www.linkedin.com/company/snow-and-ice-management-company-inc-,Very Low,,,,,,,,  
"The Steel Supply Co.",https://www.linkedin.com/company/thesteelsupplyco,Very Low,,,,,,,,  
"Ambassador Crawford College of Business and Entrepreneurship",https://www.linkedin.com/company/crawford-college,Very Low,,,,,,,,  
"Core Mortgage Services, LLC",https://www.linkedin.com/company/core-mortgage-services-llc,Very Low,,,,,,,,  
"Piper",https://www.linkedin.com/company/piper-private-equity,Very Low,,,,,,,,  
"Meyco Pool Covers",https://www.linkedin.com/company/meyco-pool-covers,Very Low,,,,,,,,  
"Dipsol Of America",https://www.linkedin.com/company/dipsol-of-america,Very Low,,,,,,,,  
"Interstate Building Materials, Inc.",https://www.linkedin.com/company/interstate-building-materials-inc-,Very Low,,,,,,,,  
"America",https://www.linkedin.com/company/america,Very Low,,,,,,,,  
"CSUB",https://www.linkedin.com/company/csub,Very Low,,,,,,,,  
"Tadlock Roofing",https://www.linkedin.com/company/tadlock-roofing,Very Low,,,,,,,,  
"Long Island Fireproof Door Inc",https://www.linkedin.com/company/long-island-fireproof-door-inc,Very Low,,,,,,,,  
"Lone Star Storage",https://www.linkedin.com/company/lone-star-storage,Very Low,,,,,,,,  
"Poly Lift Boat Lifts",https://www.linkedin.com/company/poly-lift-boat-lifts,Very Low,,,,,,,,  
"SCI Construction, Ltd",https://www.linkedin.com/company/sciconstruction-tx,Very Low,,,,,,,,  
"Nightengale Construction",https://www.linkedin.com/company/nightengale-construction,Very Low,,,,,,,,  
"SCW Contracting Corporation",https://www.linkedin.com/company/scw-contracting-corp,Very Low,,,,,,,,  
"Winter Park Housing Authority",https://www.linkedin.com/company/winter-park-housing-authority,Very Low,,,,,,,,  
"Putnam Precision Products Inc",https://www.linkedin.com/company/putnam-precision-products-inc,Very Low,,,,,,,,  
"Arizona Pipe Line Co",https://www.linkedin.com/company/arizona-pipe-line-co,Very Low,,,,,,,,  
"CFI Tire Service",https://www.linkedin.com/company/cfi-tire,Very Low,,,,,,,,  
"Universal Metro, Inc.",https://www.linkedin.com/company/universal-metro,Very Low,,,,,,,,  
"Camden Homes",https://www.linkedin.com/company/camden-homes,Very Low,,,,,,,,  
"HŌM Solutions, Inc.",https://www.linkedin.com/company/hom-solutions,Very Low,,,,,,,,  
"Sweet Candy Co",https://www.linkedin.com/company/sweet-candy-co,Very Low,,,,,,,,  
"Century Arms",https://www.linkedin.com/company/century-arms,Very Low,,,,,,,,  
"Stapp Construction",https://www.linkedin.com/company/stapp-construction,Very Low,,,,,,,,  
"SCI Furniture",https://www.linkedin.com/company/standard-commercial-interiors,Very Low,,,,,,,,  
"Elliott Homes",https://www.linkedin.com/company/elliott-homes,Very Low,,,,,,,,  
"Arrowmont Constructors",https://www.linkedin.com/company/arrowmont-constructors,Very Low,,,,,,,,  
"California Air Tools",https://www.linkedin.com/company/california-air-tools,Very Low,,,,,,,,  
"Specialty Printing USA",https://www.linkedin.com/company/specialty-printing-usa,Very Low,,,,,,,,  
"SunCoast Property Management",https://www.linkedin.com/company/suncoast-property-management,Very Low,,,,,,,,  
"Marsula Electric Inc",https://www.linkedin.com/company/marsula-electric-inc,Very Low,,,,,,,,  
"Valley Sales Of Hutchinson Inc",https://www.linkedin.com/company/valley-sales-of-hutchinson-inc,Very Low,,,,,,,,  
"Knox Auto Parts",https://www.linkedin.com/company/knox-auto-parts,Very Low,,,,,,,,  
"Mahoney Foundries Inc.",https://www.linkedin.com/company/mahoney-foundries-inc,Very Low,,,,,,,,  
"FRONTIER Companies",https://www.linkedin.com/company/frontier-building-corporation,Very Low,,,,,,,,  
"Duke Homes, Inc.",https://www.linkedin.com/company/duke-homes-inc-,Very Low,,,,,,,,  
"Onyx Building Group Inc",https://www.linkedin.com/company/onyx-building-group-inc,Very Low,,,,,,,,  
"A+ Insulation",https://www.linkedin.com/company/a-insulation,Very Low,,,,,,,,  
"Madera Components, LLC",https://www.linkedin.com/company/madera-components-llc,Very Low,,,,,,,,  
"Wheeler Real Estate Investment Trust",https://www.linkedin.com/company/wheeler-real-estate-investment-trust,Very Low,,,,,,,,  
"KFN",https://www.linkedin.com/company/ksfibernet,Very Low,,,,,,,,  
"Handymen For All",https://www.linkedin.com/company/handymen-for-all,Very Low,,,,,,,,  
"Buildings By Design",https://www.linkedin.com/company/buildings-by-design,Very Low,,,,,,,,  
"Berkshire Hathaway HomeServices Michigan Real Estate",https://www.linkedin.com/company/bhhsmichiganrealestate,Very Low,,,,,,,,  
"Treyburn Human Resources Group",https://www.linkedin.com/company/treyburn-human-resources-group,Very Low,,,,,,,,  
"Red River Co",https://www.linkedin.com/company/red-river-llc,Very Low,,,,,,,,  
"Gulf Coast Property Management",https://www.linkedin.com/company/gulf-coast-property-group,Very Low,,,,,,,,  
"Bron Inc",https://www.linkedin.com/company/bron-inc,Very Low,,,,,,,,  
"SMI Snow Makers",https://www.linkedin.com/company/smi-snowmakers,Very Low,,,,,,,,  
"East Texas Precast",https://www.linkedin.com/company/east-texas-precast,Very Low,,,,,,,,  
"Newair",https://www.linkedin.com/company/newair,Very Low,,,,,,,,  
"Fountain Mortgage",https://www.linkedin.com/company/fountain-mortgage,Very Low,,,,,,,,  
"Pacific Glazing Contractors",https://www.linkedin.com/company/pacific-glazing-contractors,Very Low,,,,,,,,  
"ARC Group Worldwide, Inc.",https://www.linkedin.com/company/arc-group-worldwide-inc-,Very Low,,,,,,,,  
"Block Multifamily Group",https://www.linkedin.com/company/blockmultifamilygroup,Very Low,,,,,,,,  
"Oasis Senior Advisors",https://www.linkedin.com/company/oasis-senior-advisors,Very Low,,,,,,,,  
"IMA Group",https://www.linkedin.com/company/imagroup,Very Low,,,,,,,,  
"ITAMCO",https://www.linkedin.com/company/itamco,Very Low,,,,,,,,  
"American Time",https://www.linkedin.com/company/americantime,Very Low,,,,,,,,  
"Wise Agent",https://www.linkedin.com/company/wiseagent,Very Low,,,,,,,,  
"NuTek Natural Ingredients",https://www.linkedin.com/company/nuteknatural,Very Low,,,,,,,,  
"MLM Home Improvement",https://www.linkedin.com/company/mlm-home-improvement,Very Low,,,,,,,,  
"CYL Photography",https://www.linkedin.com/company/cyl-photography,Very Low,,,,,,,,  
"Johnstone Supply NJ",https://www.linkedin.com/company/johnstone-supply-of-new-jersey,Very Low,,,,,,,,  
"Trinity Management Company, L.L.C.",https://www.linkedin.com/company/trinity-management-company,Very Low,,,,,,,,  
"Intersection-Inc",https://www.linkedin.com/company/intersection-inc,Very Low,,,,,,,,  
"Signatures",https://www.linkedin.com/company/signatures,Very Low,,,,,,,,  
"MA Peterson Design Build",https://www.linkedin.com/company/ma-peterson-design-build,Very Low,,,,,,,,  
"Metal Flow Corporation",https://www.linkedin.com/company/metal-flow-corporation,Very Low,,,,,,,,  
"Tenova",https://www.linkedin.com/company/tenova,Very Low,,,,,,,,  
"Higginbotham",https://www.linkedin.com/company/higginbotham,Very Low,,,,,,,,  
"FITREV",https://www.linkedin.com/company/fitrev,Very Low,,,,,,,,  
"Colao & Peter Luxury Outdoor Living",https://www.linkedin.com/company/colao-stone-&-design,Very Low,,,,,,,,  
"Bolton Construction & Service of WNC, Inc.",https://www.linkedin.com/company/bolton-construction-&-service-of-wnc-inc-,Very Low,,,,,,,,  
"greenPAWSchicago",https://www.linkedin.com/company/green-paws-chicago,Very Low,,,,,,,,  
"Coastal Source",https://www.linkedin.com/company/coastal-source,Very Low,,,,,,,,  
"Roofing and Restoration Services of America",https://www.linkedin.com/company/roofing-and-restoration-services-of-america,Very Low,,,,,,,,  
"Tim Lewis Communities",https://www.linkedin.com/company/tim-lewis-communities,Medium,3,3,,,,,,  
"Wilgro Services, Inc.",https://www.linkedin.com/company/wilgro-services-inc-,Very Low,,,,,,,,  
"Monarch Investment and Management Group",https://www.linkedin.com/company/monarch-investment-&-management-group,Very Low,,,,,,,,  
"CJK",https://www.linkedin.com/company/cjk-engineering,Very Low,,,,,,,,  
"Oxford Partners",https://www.linkedin.com/company/oxford-partners-llc,Very Low,,,,,,,,  
"Eat.Drink.Sleep (EDS) Hospitality Group",https://www.linkedin.com/company/eat-drink-sleep-eds-hospitality-group,Very Low,,,,,,,,  
"King Construction Group Inc",https://www.linkedin.com/company/king-construction-group-inc,Very Low,,,,,,,,  
"Sustainable Pavement Technologies",https://www.linkedin.com/company/sustainable-pavement-technologies,Very Low,,,,,,,,  
"Hairmax",https://www.linkedin.com/company/lexington-international,Very Low,,,,,,,,  
"Holiday Kitchens",https://www.linkedin.com/company/holiday-kitchens,Very Low,,,,,,,,  
"The Old Dominion Group",https://www.linkedin.com/company/the-old-dominion-group,Very Low,,,,,,,,  
"Sims Luxury Builders",https://www.linkedin.com/company/sims-luxury-builders,Very Low,,,,,,,,  
"Vermont Slate Company, LLC",https://www.linkedin.com/company/vermont-slate-company-llc,Very Low,,,,,,,,  
"BIXBI Pet",https://www.linkedin.com/company/bixbi-pet,Very Low,,,,,,,,  
"Jett Business Systems",https://www.linkedin.com/company/jett-business-systems,Very Low,,,,,,,,  
"Lumitec",https://www.linkedin.com/company/lumitec,Very Low,,,,,,,,  
"Slate",https://www.linkedin.com/company/team-slate,Very Low,,,,,,,,  
"GC Event Studio",https://www.linkedin.com/company/gc-event-studio,Very Low,,,,,,,,  
"Stiltz Lifts",https://www.linkedin.com/company/stiltz-lifts,Very Low,,,,,,,,  
"REoptimizer®",https://www.linkedin.com/company/reoptimizer-ai,Very Low,,,,,,,,  
"Advantage Property Management Services",https://www.linkedin.com/company/advantage-property-management-services,Very Low,,,,,,,,  
"Bravo Store Systems",https://www.linkedin.com/company/bravo-store-systems,Very Low,,,,,,,,  
"Yaman",https://www.linkedin.com/company/yaman,Very Low,,,,,,,,  
"HARD-LINE",https://www.linkedin.com/company/hard-line,Very Low,,,,,,,,  
"ACS Firm",https://www.linkedin.com/company/acsfirm,Very Low,,,,,,,,  
"ProAutomated",https://www.linkedin.com/company/proautomated,Very Low,,,,,,,,  
"Engman-Taylor, an MSC Company",https://www.linkedin.com/company/engman-taylor,Very Low,,,,,,,,  
"CNC Foundations",https://www.linkedin.com/company/cnc-foundations,Very Low,,,,,,,,  
"The Safety Sleeper by Abram's Nation",https://www.linkedin.com/company/abrams-nation,Very Low,,,,,,,,  
"Corinthian Cast Stone Inc.",https://www.linkedin.com/company/corinthian-cast-stone-inc-,Very Low,,,,,,,,  
"Legacy Property Management",https://www.linkedin.com/company/legacy-mgmt,Very Low,,,,,,,,  
"Trident Research LLC",https://www.linkedin.com/company/trident-research-llc,Very Low,,,,,,,,  
"Beehive Industries",https://www.linkedin.com/company/beehive-industries,Very Low,,,,,,,,  
"New Forum",https://www.linkedin.com/company/new-forum,Very Low,,,,,,,,  
"RBM Partners",https://www.linkedin.com/company/red-brick,Very Low,,,,,,,,  
"Entando Inc.",https://www.linkedin.com/company/entando,Very Low,,,,,,,,  
"Metalcraft Inc",https://www.linkedin.com/company/metalcraft-inc,Very Low,,,,,,,,  
"Moon Tool & Die Co.",https://www.linkedin.com/company/moon-tool-&-die-co-inc,Very Low,,,,,,,,  
"HGL Construction, Inc.",https://www.linkedin.com/company/hgl-construction-inc-,Very Low,,,,,,,,  
"Okaya (U.S.A.), Inc.",https://www.linkedin.com/company/okaya-usa-inc-,Very Low,,,,,,,,  
"Emond Plumbing & Heating, Inc.",https://www.linkedin.com/company/emond-plumbing-&-heating-inc-,Very Low,,,,,,,,  
"Venco Venturo LLC",https://www.linkedin.com/company/venco-venturo-manufacturing-inc-,Very Low,,,,,,,,  
"Delta Steel Technologies",https://www.linkedin.com/company/delta-steel-technologies,Very Low,,,,,,,,  
"OCI Energy",https://www.linkedin.com/company/ocienergy,Very Low,,,,,,,,  
"Caesarstone Ltd. - Corporate",https://www.linkedin.com/company/caesarstone-corporate,Very Low,,,,,,,,  
"Epimed",https://www.linkedin.com/company/epimed-international,Very Low,,,,,,,,  
"26 North Yachts",https://www.linkedin.com/company/26-north-yachts,Very Low,,,,,,,,  
"Re-Nuble",https://www.linkedin.com/company/re-nuble,Very Low,,,,,,,,  
"TiptonLinen",https://www.linkedin.com/company/tipton-linen-and-custom-matting,Very Low,,,,,,,,  
"Blanton Turner",https://www.linkedin.com/company/blanton-turner,Very Low,,,,,,,,  
"Kris Konstruction Inc",https://www.linkedin.com/company/kris-konstruction-inc,Very Low,,,,,,,,  
"Vermont Tent Company",https://www.linkedin.com/company/vermont-tent-company,Very Low,,,,,,,,  
"BOVIO RUBINO SERVICE",https://www.linkedin.com/company/bovio-rubino,Very Low,,,,,,,,  
"Neapco",https://www.linkedin.com/company/neapco,Very Low,,,,,,,,  
"BALEMASTER",https://www.linkedin.com/company/balemaster,Very Low,,,,,,,,  
"Alpine Legacy, brokered by eXp Realty, LLC",https://www.linkedin.com/company/alpine-legacy,Very Low,,,,,,,,  
"Bierschbach Equipment & Supply",https://www.linkedin.com/company/bierschbach-equipment-&-supply,Very Low,,,,,,,,  
"Spire Builders LLC",https://www.linkedin.com/company/spire-builders,Very Low,,,,,,,,  
"Blue Ridge Inc.",https://www.linkedin.com/company/blue-ridge-automation-inc.,Very Low,,,,,,,,  
"Z-Tronix Inc",https://www.linkedin.com/company/z-tronix-inc,Very Low,,,,,,,,  
"ALBD Electric & Cable",https://www.linkedin.com/company/albd-electric-and-cable,Medium,,,,,7,,,  
"Triton Metal Products",https://www.linkedin.com/company/triton-metal-products,Very Low,,,,,,,,  
"United Property Associates",https://www.linkedin.com/company/united-property-associates,Very Low,,,,,,,,  
"Salt and Light Photography",https://www.linkedin.com/company/salt-and-light-photography,Very Low,,,,,,,,  
"Rocky Mountain Stone Co. Inc.",https://www.linkedin.com/company/rocky-mountain-stone-co.-inc.,Very Low,,,,,,,,  
"Brodson Construction Inc",https://www.linkedin.com/company/brodson-construction-inc,Very Low,,,,,,,,  
"Accredo Specialty Pharmacy",https://www.linkedin.com/company/accredo-by-evernorth,Very Low,,,,,,,,  
"Grassland Dairy Products, Inc.",https://www.linkedin.com/company/grassland-dairy-products-inc-,Very Low,,,,,,,,  
"Artisan Custom Closets",https://www.linkedin.com/company/artisan-custom-closets,Very Low,,,,,,,,  
"Midwest Landscape, Inc.",https://www.linkedin.com/company/midwest-landscape-inc.,Very Low,,,,,,,,  
"Optimum Community Management, LLC.",https://www.linkedin.com/company/optimum-professional-property-management-inc.-acmf-,Very Low,,,,,,,,  
"ASW",https://www.linkedin.com/company/aswav,Very Low,,,,,,,,  
"Cascade Environmental, LLC",https://www.linkedin.com/company/cascade-environmental-llc,Very Low,,,,,,,,  
"Beacon Partners",https://www.linkedin.com/company/beacon-development-company,Very Low,,,,,,,,  
"MacLean-Fogg",https://www.linkedin.com/company/maclean-fogg,Very Low,,,,,,,,  
"Muramoto Manufacturing",https://www.linkedin.com/company/muramoto-manufacturing,Very Low,,,,,,,,  
"Cypress Pointe Surgical Hospital",https://www.linkedin.com/company/cypresspointesurgicalhospital,Very Low,,,,,,,,  
"Rochester Colonial Mfg. Corp.",https://www.linkedin.com/company/rochester-colonial,Very Low,,,,,,,,  
"Hull Supply Co.",https://www.linkedin.com/company/hullsupply,Very Low,,,,,,,,  
"Steve",https://www.linkedin.com/company/steve,Very Low,,,,,,,,  
"Stadler",https://www.linkedin.com/company/stadler-rail,Very Low,,,,,,,,  
"High Performance Homes",https://www.linkedin.com/company/hphusa,Very Low,,,,,,,,  
"Materion Corporation",https://www.linkedin.com/company/materion-corporation,Very Low,,,,,,,,  
"RE/MAX Pinnacle",https://www.linkedin.com/company/re-max-pinnacle,Very Low,,,,,,,,  
"Connoils LLC",https://www.linkedin.com/company/connoils-llc,Very Low,,,,,,,,  
"Entrada Partners",https://www.linkedin.com/company/entrada-partners,Very Low,,,,,,,,  
"ConServ Group, Inc.",https://www.linkedin.com/company/conserv-group-inc,Very Low,,,,,,,,  
"Vertical Works, Inc.",https://www.linkedin.com/company/vertical-works-inc.,Very Low,,,,,,,,  
"Moffitt",https://www.linkedin.com/company/moffittcorp,Very Low,,,,,,,,  
"Capstone Communities LLC",https://www.linkedin.com/company/capstone-communities-llc,Very Low,,,,,,,,  
"C.L. Smith, a Novvia Group Company",https://www.linkedin.com/company/clsmith,Very Low,,,,,,,,  
"Park Property Management Inc.",https://www.linkedin.com/company/park-property-management-inc.,Very Low,,,,,,,,  
"Taz Anderson Companies",https://www.linkedin.com/company/tazmedia-group,Very Low,,,,,,,,  
"Clarum Homes",https://www.linkedin.com/company/clarum-homes-byldan-corporation,Very Low,,,,,,,,  
"Metro Commercial Realty, Inc",https://www.linkedin.com/company/metro-commercial-realty-inc,Very Low,,,,,,,,  
"DalFort Capital Partners",https://www.linkedin.com/company/dalfort-capital-partners,Very Low,,,,,,,,  
"Construction Information Systems Inc.",https://www.linkedin.com/company/construction-information-systems-inc.,Very Low,,,,,,,,  
"Defender Services, Inc.",https://www.linkedin.com/company/defender-services-inc.,Very Low,,,,,,,,  
"Express Manufacturing, Inc. (EMI)",https://www.linkedin.com/company/express-manufacturing-inc-,Very Low,,,,,,,,  
"Bush Real Estate Group",https://www.linkedin.com/company/bush-real-estate-group,Very Low,,,,,,,,  
"Redeemer Presbyterian Church (Indianapolis)",https://www.linkedin.com/company/redeemer-presbyterian-church-indianapolis-,Very Low,,,,,,,,  
"Poly-Nova Technologies",https://www.linkedin.com/company/poly-nova-technologies,Very Low,,,,,,,,  
"ZRS Management",https://www.linkedin.com/company/zrs-management,Very Low,,,,,,,,  
"Natural Life",https://www.linkedin.com/company/natural-life,Very Low,,,,,,,,  
"Jersen Construction Group",https://www.linkedin.com/company/jersen-construction-group,Very Low,,,,,,,,  
"Champion Fiberglass, Inc.",https://www.linkedin.com/company/champion-fiberglass-inc-,Very Low,,,,,,,,  
"Services Plus, Inc.",https://www.linkedin.com/company/services-plus-inc-,Very Low,,,,,,,,  
"LANtelligence",https://www.linkedin.com/company/lantelligence,Very Low,,,,,,,,  
"Elite Surface Infrastructure",https://www.linkedin.com/company/elitesurfaceinfrastructure,Very Low,,,,,,,,  
"Dysinger, Incorporated",https://www.linkedin.com/company/dysinger-incorporated,Very Low,,,,,,,,  
"ProService",https://www.linkedin.com/company/proservice,Very Low,,,,,,,,  
"Harry Grodsky & Co., Inc.",https://www.linkedin.com/company/harry-grodsky-&-co--inc-,Very Low,,,,,,,,  
"Richardson Manufacturing Company",https://www.linkedin.com/company/richardson-manufacturing-company,Very Low,,,,,,,,  
"FerebeeLane",https://www.linkedin.com/company/ferebee-lane-and-co-,Very Low,,,,,,,,  
"AFI | IPL - Arbeitsförderungsinstistut | Istituto Promozione Lavoratori",https://www.linkedin.com/company/afiipl,Very Low,,,,,,,,  
"Allen Construction",https://www.linkedin.com/company/buildallen,Very Low,,,,,,,,  
"Modern Ice Equipment & Supply",https://www.linkedin.com/company/modern-ice-equipment-&-supply,Very Low,,,,,,,,  
"AD\&W Architectural Doors & Windows",https://www.linkedin.com/company/ad\&w-architectural-doors-&-windows,Very Low,,,,,,,,  
"Husky Rack & Wire",https://www.linkedin.com/company/huskyrackandwire,Very Low,,,,,,,,  
"Vanguard Energy Partners LLC",https://www.linkedin.com/company/vanguard-energy-partners-llc,Very Low,,,,,,,,  
"Lesaff",https://www.linkedin.com/company/lesaff,Very Low,,,,,,,,  
"W Silver Recycling, Inc.",https://www.linkedin.com/company/w-silver-recycling.,Very Low,,,,,,,,  
"Balancetraining i Stockholm AB",https://www.linkedin.com/company/balance\_2,Very Low,,,,,,,,  
"Thor Motor Coach",https://www.linkedin.com/company/thor-motor-coach,Very Low,,,,,,,,  
"Crystal Clear Concepts, Inc.",https://www.linkedin.com/company/crystal-clear-concepts-inc.,Very Low,,,,,,,,  
"Intergrated Real Estate Services LLC",https://www.linkedin.com/company/intergrated-real-estate-services-llc,Very Low,,,,,,,,  
"AIM REAL ESTATE MANAGEMENT, INC.",https://www.linkedin.com/company/aimrealestate,Very Low,,,,,,,,  
"QwikResponse Restoration & Construction",https://www.linkedin.com/company/qwikresponse,Very Low,,,,,,,,  
"Grupo Ruba",https://www.linkedin.com/company/ruballegasteacasa,Very Low,,,,,,,,  
"3CM",https://www.linkedin.com/company/3cm,Very Low,,,,,,,,  
"BRS & Co.",https://www.linkedin.com/company/bruckmann-rosser-sherrill-&-co.,Very Low,,,,,,,,  
"R.W. Martin Company",https://www.linkedin.com/company/r-w-martin-company,Very Low,,,,,,,,  
"+Visión",https://www.linkedin.com/company/masvision,Very Low,,,,,,,,  
"BCC Engineering, a Parsons Company",https://www.linkedin.com/company/bccengineering-a-parsons-company,Very Low,,,,,,,,  
"Virginia Transformer Corp",https://www.linkedin.com/company/virginia-transformer-corp\_2,Very Low,,,,,,,,  
"Greiner Packaging",https://www.linkedin.com/company/greiner-packaging,Very Low,,,,,,,,  
"Multifamily Management Inc.",https://www.linkedin.com/company/multifamily-management-inc.,Very Low,,,,,,,,  
"Goodfellow Bros.",https://www.linkedin.com/company/goodfellowbros,Very Low,,,,,,,,  
"Autex Acoustics Australia",https://www.linkedin.com/company/autex-acoustics-australia,Very Low,,,,,,,,  
"PSI",https://www.linkedin.com/company/professional-service-inc.-psi-,Very Low,,,,,,,,  
"Home Stagers",https://www.linkedin.com/company/home-stagers,Very Low,,,,,,,,  
"BuildingLogiX",https://www.linkedin.com/company/buildinglogix,Very Low,,,,,,,,  
"Berkshire Hathaway",https://www.linkedin.com/company/prudential-bob-yost,Very Low,,,,,,,,  
"Invest West Management, LLC",https://www.linkedin.com/company/invest-west-management-llc,Very Low,,,,,,,,  
"DOWNES CONSTRUCTION COMPANY",https://www.linkedin.com/company/downes-construction-company-llc,Very Low,,,,,,,,  
"Bunzl plc",https://www.linkedin.com/company/bunzl-plc,Very Low,,,,,,,,  
"Everything Ice, Inc.",https://www.linkedin.com/company/everything-ice-inc.,Very Low,,,,,,,,  
"Omega Management Group",https://www.linkedin.com/company/omegamanagementgroup,Very Low,,,,,,,,  
"Castle Group Ltd",https://www.linkedin.com/company/castlegroupltd,Very Low,,,,,,,,  
"Phillips Properties LTD",https://www.linkedin.com/company/phillips-properties-ltd,Very Low,,,,,,,,  
"Senior Solutions (Senior Solutions At Home, Inc.)",https://www.linkedin.com/company/senior-solutions-at-home-inc-,Very Low,,,,,,,,  
"Longleaf Lumber Inc.",https://www.linkedin.com/company/longleaf-lumber,Very Low,,,,,,,,  
"Strathmeyer Companies",https://www.linkedin.com/company/strathmeyer-companies,Very Low,,,,,,,,  
"Plummer Associates, Inc.",https://www.linkedin.com/company/plummer-associates-inc,Very Low,,,,,,,,  
"Maverik, Inc.",https://www.linkedin.com/company/maverik-inc,Very Low,,,,,,,,  
"Baco Enterprises Inc.",https://www.linkedin.com/company/baco-enterprise-inc-,Very Low,,,,,,,,  
"Stearns Design Build",https://www.linkedin.com/company/stearns-design-build,Very Low,,,,,,,,  
"Hahn",https://www.linkedin.com/company/hahn-agency,Very Low,,,,,,,,  
"Calgon Carbon Corporation",https://www.linkedin.com/company/calgon-carbon-corporation,Very Low,,,,,,,,  
"MonoSol RX",https://www.linkedin.com/company/monosolrx,Very Low,,,,,,,,  
"Metal Surfaces Int'l LLC.",https://www.linkedin.com/company/metal-surfaces-international,Very Low,,,,,,,,  
"Modern Equipment Company",https://www.linkedin.com/company/modern-equipment-company-inc-,Very Low,,,,,,,,  
"Critical Path Management LLC",https://www.linkedin.com/company/critical-path-management-llc,Very Low,,,,,,,,  
"Papé Group",https://www.linkedin.com/company/papegroup,Very Low,,,,,,,,  
"Caliber",https://www.linkedin.com/company/caliber,Very Low,,,,,,,,  
"Dobbins Company",https://www.linkedin.com/company/dobbins-company,Very Low,,,,,,,,  
"The Arc Mid-Hudson",https://www.linkedin.com/company/the-arc-mid-hudson,Very Low,,,,,,,,  
"RCI Engineering, Inc.",https://www.linkedin.com/company/rci-engineering-inc-,Very Low,,,,,,,,  
"HuHot Mongolian Grill",https://www.linkedin.com/company/huhot-mongolian-grill,Very Low,,,,,,,,  
"Engineered Facades",https://www.linkedin.com/company/engineeredfacades,Very Low,,,,,,,,  
"The Precision Team of Keller Williams Arizona Realty",https://www.linkedin.com/company/the-precision-team-of-keller-williams-arizona-realty,Very Low,,,,,,,,  
"Argonics, Inc.",https://www.linkedin.com/company/argonics-inc.,Very Low,,,,,,,,  
"Inpeco",https://www.linkedin.com/company/inpeco,Very Low,,,,,,,,  
"Sand Companies, Inc.",https://www.linkedin.com/company/sand-companies-inc-,Very Low,,,,,,,,  
"Kerkstra",https://www.linkedin.com/company/fabcon1,Very Low,,,,,,,,  
"5th Axis Inc.",https://www.linkedin.com/company/5th-axis,Very Low,,,,,,,,  
"\[ comfort zone \]",https://www.linkedin.com/company/comfort-zone-skin-care-division-davines-s.p.a.,Very Low,,,,,,,,  
"HTP Comfort Solutions",https://www.linkedin.com/company/htp-comfort-solutions,Very Low,,,,,,,,  
"PMI",https://www.linkedin.com/company/petrochem-manufacturing-inc.-pmi-,Very Low,,,,,,,,  
"Real Property Management",https://www.linkedin.com/company/realpropertymanagement,Very Low,,,,,,,,  
"Hartman Companies",https://www.linkedin.com/company/hartman-companies-inc,Very Low,,,,,,,,  
"Chromaflo Technologies",https://www.linkedin.com/company/chromaflo-technologies,Medium,,,,,7,,,  
"Kershner Office Furniture, Inc.",https://www.linkedin.com/company/kershner-office-furniture-inc-,Very Low,,,,,,,,  
"Freudenberg Medical",https://www.linkedin.com/company/freudenberg-medical,Very Low,,,,,,,,  
"Gutter Works, LLC",https://www.linkedin.com/company/gutter-works-llc,Very Low,,,,,,,,  
"Merriman Wealth Management, LLC",https://www.linkedin.com/company/merriman-llc,Very Low,,,,,,,,  
"Mountain Air Conditioning and Heating",https://www.linkedin.com/company/mountain-air-conditioning-and-heating,Very Low,,,,,,,,  
"Travelers Haven",https://www.linkedin.com/company/travelers-haven,Very Low,,,,,,,,  
"Bath Fitter",https://www.linkedin.com/company/bath-fitter,Very Low,,,,,,,,  
"The Boelter Companies",https://www.linkedin.com/company/the-boelter-companies-inc-,Very Low,,,,,,,,  
"Tri Star Engines and Transmissions",https://www.linkedin.com/company/tristarengines,Very Low,,,,,,,,  
"Polymer Dynamix",https://www.linkedin.com/company/polymer-dynamix.-south-plainfield-nj,Very Low,,,,,,,,  
"Witmer Public Safety Group, Inc",https://www.linkedin.com/company/witmer-public-safety-group-inc,Very Low,,,,,,,,  
"Kokolakis Contracting",https://www.linkedin.com/company/kokolakiscontracting,Very Low,,,,,,,,  
"The Sunray Companies, LLC",https://www.linkedin.com/company/the-sunray-companies-llc,Very Low,,,,,,,,  
"TransAxle LLC",https://www.linkedin.com/company/transaxle-llc,Very Low,,,,,,,,  
"MGS Mfg. Group",https://www.linkedin.com/company/mgs-mfg-group,Very Low,,,,,,,,  
"Albu & Associates, Inc.",https://www.linkedin.com/company/albuandassociatesinc,Very Low,,,,,,,,  
"JMG",https://www.linkedin.com/company/jmg-maine,Very Low,,,,,,,,  
"Creative Solutions",https://www.linkedin.com/company/creative-solutions\_3,Very Low,,,,,,,,  
"New England Die Cutting, Inc.",https://www.linkedin.com/company/new-england-die-cutting-inc.,Very Low,,,,,,,,  
"RoundPoint Mortgage Servicing LLC",https://www.linkedin.com/company/roundpointmortgageservicing,Very Low,,,,,,,,  
"KaiNexus",https://www.linkedin.com/company/kainexus,Very Low,,,,,,,,  
"Angeles Investments",https://www.linkedin.com/company/angeles-investments,Very Low,,,,,,,,  
"MyHome Renovation Experts",https://www.linkedin.com/company/myhome-renovations,Very Low,,,,,,,,  
"Commercial Lighting Industries",https://www.linkedin.com/company/commerciallighting,Very Low,,,,,,,,  
"BriceHouse Inc.",https://www.linkedin.com/company/bricehouse-starboard,Very Low,,,,,,,,  
"McBride Construction",https://www.linkedin.com/company/mcbride-construction,Very Low,,,,,,,,  
"THOMPSON",https://www.linkedin.com/company/thompson,Very Low,,,,,,,,  
"ALRO",https://www.linkedin.com/company/vimetco-alro,Very Low,,,,,,,,  
"Kids",https://www.linkedin.com/company/kids,Very Low,,,,,,,,  
"Philips International",https://www.linkedin.com/company/philips-international-holding-corp.,Very Low,,,,,,,,  
"LATICRETE International",https://www.linkedin.com/company/laticrete-international,Very Low,,,,,,,,  
"CODi Worldwide",https://www.linkedin.com/company/codiworldwide,Very Low,,,,,,,,  
"BOMAG GmbH",https://www.linkedin.com/company/bomag,Very Low,,,,,,,,  
"Spiniello Companies",https://www.linkedin.com/company/spiniello-companies,Very Low,,,,,,,,  
"Harrison & Lear Inc",https://www.linkedin.com/company/harrison-&-lear-inc,Very Low,,,,,,,,  
"Superheat",https://www.linkedin.com/company/superheat,Very Low,,,,,,,,  
"Bedrock Quartz Surfaces LLC",https://www.linkedin.com/company/bedrock-quartz-surfaces-llc,Very Low,,,,,,,,  
"Fluke Corporation",https://www.linkedin.com/company/fluke-corporation,Very Low,,,,,,,,  
"Deer Valley Plumbing & Air Conditioning",https://www.linkedin.com/company/deer-valley-plumbing-and-air-conditioning,Very Low,,,,,,,,  
"Taghleef Industries",https://www.linkedin.com/company/taghleef-industries-spa,Very Low,,,,,,,,  
"Hearthside Food Solutions",https://www.linkedin.com/company/hearthside-food-solutions,Very Low,,,,,,,,  
"Riverside",https://www.linkedin.com/company/riverside-abstract-llc,Very Low,,,,,,,,  
"Avalign Technologies",https://www.linkedin.com/company/avalign-technologies,Very Low,,,,,,,,  
"Shawmut Communications Group",https://www.linkedin.com/company/shawmut-communications-group,Very Low,,,,,,,,  
"Hartford Funding, Ltd.",https://www.linkedin.com/company/hartford-funding-ltd-,Very Low,,,,,,,,  
"Industrial Rivet & Fastener Co",https://www.linkedin.com/company/industrialrivet,Very Low,,,,,,,,  
"Roberts | Print • Mail • Deliver",https://www.linkedin.com/company/roberts-printing,Very Low,,,,,,,,  
"SeaSpine",https://www.linkedin.com/company/seaspine-inc,Very Low,,,,,,,,  
"ITW Graphics",https://www.linkedin.com/company/itw-graphics-division,Very Low,,,,,,,,  
"Oronoque Animal Hospital",https://www.linkedin.com/company/oronoque-animal-hospital,Very Low,,,,,,,,  
"Simmons & White, Inc.",https://www.linkedin.com/company/simmons-&-white-inc.,Very Low,,,,,,,,  
"Nature’s Value, Inc",https://www.linkedin.com/company/nature's-value-inc,Very Low,,,,,,,,  
"Murugappa Group",https://www.linkedin.com/company/murugappa-group,Very Low,,,,,,,,  
"The Aspen Brands Company",https://www.linkedin.com/company/the-aspen-brands-company,Very Low,,,,,,,,  
"Island Hospitality Management",https://www.linkedin.com/company/island-hospitality-management,Very Low,,,,,,,,  
"INDUS Corporation",https://www.linkedin.com/company/indus-corporation,Very Low,,,,,,,,  
"J.C. Cannistraro, LLC",https://www.linkedin.com/company/j-c--cannistraro-llc,Very Low,,,,,,,,  
"Riot",https://www.linkedin.com/company/riotslc,Very Low,,,,,,,,  
"Stone County Ironworks",https://www.linkedin.com/company/stone-county-ironworks,Very Low,,,,,,,,  
"PJ Fitzpatrick",https://www.linkedin.com/company/pj-fitzpatrick,Very Low,,,,,,,,  
"POLARGY",https://www.linkedin.com/company/polargy,Very Low,,,,,,,,  
"Kadant",https://www.linkedin.com/company/kadant-inc-,Very Low,,,,,,,,  
"Interstate Equities Corporation",https://www.linkedin.com/company/interstate-equities-corporation,Very Low,,,,,,,,  
"SHN",https://www.linkedin.com/company/shn-engr,Very Low,,,,,,,,  
"Nor-Son Construction",https://www.linkedin.com/company/nor-son,Very Low,,,,,,,,  
"Overhead Door Corporation",https://www.linkedin.com/company/overhead-door-corporation,Very Low,,,,,,,,  
"onsemi",https://www.linkedin.com/company/onsemi,Very Low,,,,,,,,  
"Omega Protein",https://www.linkedin.com/company/omega-protein-inc-,Very Low,,,,,,,,  
"Wilder Balter Partners, Inc.",https://www.linkedin.com/company/wilder-balter-partners,Very Low,,,,,,,,  
"Vantage MedTech",https://www.linkedin.com/company/vantage-medtech,Very Low,,,,,,,,  
"Methuen Construction Company, Inc.",https://www.linkedin.com/company/methuen-construction,Very Low,,,,,,,,  
"Lithko Contracting",https://www.linkedin.com/company/lithko-contracting,Very Low,,,,,,,,  
"Jacobi Group",https://www.linkedin.com/company/jacobi-carbons,Very Low,,,,,,,,  
"Lee Kennedy Co., Inc.",https://www.linkedin.com/company/leekennedyco,Very Low,,,,,,,,  
"Custom Products Corporation",https://www.linkedin.com/company/custom-products-corporation,Very Low,,,,,,,,  
"Brock White Construction Materials",https://www.linkedin.com/company/brock-white,Very Low,,,,,,,,  
"HELGESEN",https://www.linkedin.com/company/helgesen,Very Low,,,,,,,,  
"VEGA Americas, Inc.",https://www.linkedin.com/company/vega-americas-inc-,Very Low,,,,,,,,  
"PARI Respiratory Equipment, Inc.",https://www.linkedin.com/company/pari-respiratory-equipment,Very Low,,,,,,,,  
"ORR Safety",https://www.linkedin.com/company/orr-safety,Very Low,,,,,,,,  
"T3 Advisors, A Savills Company",https://www.linkedin.com/company/t3advisorsasavillscompany,Very Low,,,,,,,,  
"The Coral Company",https://www.linkedin.com/company/the-coral-company,Very Low,,,,,,,,  
"Precision Valve Corporation",https://www.linkedin.com/company/precision-valve-corporation,Very Low,,,,,,,,  
"JM Zell Partners, Ltd.",https://www.linkedin.com/company/jm-zell-partners-ltd.,Very Low,,,,,,,,  
"Fronius Österreich",https://www.linkedin.com/company/fronius-oesterreich,Very Low,,,,,,,,  
"Harlan Bakeries, LLC",https://www.linkedin.com/company/harlan-bakeries-llc,Very Low,,,,,,,,  
"Vaughn Construction",https://www.linkedin.com/company/vaughn-construction,Very Low,,,,,,,,  
"Dalen Products",https://www.linkedin.com/company/dalen-products,Very Low,,,,,,,,  
"Brokers' Service Marketing Group (BSMG)",https://www.linkedin.com/company/spg-life-and-annuity,Very Low,,,,,,,,  
"BHE (now Panalgo)",https://www.linkedin.com/company/boston-health-economics,Very Low,,,,,,,,  
"viagogo",https://www.linkedin.com/company/viagogo,Very Low,,,,,,,,  
"Teltonika",https://www.linkedin.com/company/teltonika,Very Low,,,,,,,,  
"Proactive Search",https://www.linkedin.com/company/proactive-search,Very Low,,,,,,,,  
"Continental Datalabel",https://www.linkedin.com/company/continental-datalabel,Very Low,,,,,,,,  
"CBMM",https://www.linkedin.com/company/cbmm,Very Low,,,,,,,,  
"Wasatch Property Management",https://www.linkedin.com/company/wasatch-property-management,Very Low,,,,,,,,  
"Milestone Inc",https://www.linkedin.com/company/milestone-internet-marketing,Very Low,,,,,,,,  
"Twinlab Consolidation Corporation (TCC)",https://www.linkedin.com/company/twinlabconsolidationcorporation,Very Low,,,,,,,,  
"Jewell Instruments",https://www.linkedin.com/company/jewell-instruments,Very Low,,,,,,,,  
"Western Enterprises",https://www.linkedin.com/company/western-enterprises,Very Low,,,,,,,,  
"The Conti Group",https://www.linkedin.com/company/the-conti-group,Very Low,,,,,,,,  
"Project Management Advisors, Inc. (PMA)",https://www.linkedin.com/company/project-management-advisors-inc,Very Low,,,,,,,,  
"Hampton Lumber",https://www.linkedin.com/company/hampton-lumber,Very Low,,,,,,,,  
"Dialight",https://www.linkedin.com/company/dialight,Very Low,,,,,,,,  
"CWS Capital Partners LLC",https://www.linkedin.com/company/cws-capital-partners,Very Low,,,,,,,,  
"GLV",https://www.linkedin.com/company/glv,Very Low,,,,,,,,  
"Hanna Instruments",https://www.linkedin.com/company/hanna-instruments,Very Low,,,,,,,,  
"Matrix Service Company",https://www.linkedin.com/company/matrix-service-company,Very Low,,,,,,,,  
"CommonBond Communities",https://www.linkedin.com/company/commonbond-communities,Very Low,,,,,,,,  
"Bizerba",https://www.linkedin.com/company/bizerba,Very Low,,,,,,,,  
"Capital Title",https://www.linkedin.com/company/capital-title,Very Low,,,,,,,,  
"Hilco",https://www.linkedin.com/company/hilco,Very Low,,,,,,,,  
"Pronexus",https://www.linkedin.com/company/pronexus,Very Low,,,,,,,,  
"Wood Rodgers, Inc.",https://www.linkedin.com/company/woodrodgersinc,Very Low,,,,,,,,  
"PrimeSource Building Products",https://www.linkedin.com/company/primesource-building-products,Very Low,,,,,,,,  
"Arlon Graphics",https://www.linkedin.com/company/arlongraphics,Very Low,,,,,,,,  
"The Kennedy Group, an Inovar company",https://www.linkedin.com/company/the-kennedy-group,Very Low,,,,,,,,  
"ThedaCare",https://www.linkedin.com/company/thedacare,Very Low,,,,,,,,  
"Century 21 Judge Fite",https://www.linkedin.com/company/century-21-judge-fite,Very Low,,,,,,,,  
"Deceuninck",https://www.linkedin.com/company/deceuninck,Very Low,,,,,,,,  
"Lindquist LLP",https://www.linkedin.com/company/lindquist-llp,Very Low,,,,,,,,  
"Wilton Brands",https://www.linkedin.com/company/wilton-brands,Very Low,,,,,,,,  
"Technogym",https://www.linkedin.com/company/technogym,Very Low,,,,,,,,  
"MEB Management Services (Morrison, Ekre & Bart Management Services)",https://www.linkedin.com/company/meb-management-services-morrison-ekre-&-bart-management-services-,Very Low,,,,,,,,  
"Smith",https://www.linkedin.com/company/smith-&-associates,Very Low,,,,,,,,  
"Royal Canin",https://www.linkedin.com/company/royalcanin,Very Low,,,,,,,,  
"Sealy",https://www.linkedin.com/company/sealy,Very Low,,,,,,,,  
"ESCO Group LLC",https://www.linkedin.com/company/esco-group-llc,Very Low,,,,,,,,  
"PATH",https://www.linkedin.com/company/path,Very Low,,,,,,,,  
"Dyson",https://www.linkedin.com/company/dyson,Very Low,,,,,,,,  
"Ketchum",https://www.linkedin.com/company/ketchum,Very Low,,,,,,,,  
"Volkswagen Group",https://www.linkedin.com/company/volkswagen-group,Very Low,,,,,,,,  
"Canadian Consulate General",https://www.linkedin.com/company/canadian-consulate-general,Very Low,,,,,,,,